feedback_text,sentiment_label,source
So there is no way for me to plug it in here in the US unless I go by a converter.,0,Amazon
"Good case, Excellent value.",1,Amazon
Great for the jawbone.,1,Amazon
Tied to charger for conversations lasting more than 45 minutes.MAJOR PROBLEMS!!,0,Amazon
The mic is great.,1,Amazon
I have to jiggle the plug to get it to line up right to get decent volume.,0,Amazon
"If you have several dozen or several hundred contacts, then imagine the fun of sending each of them one by one.",0,Amazon
If you are Razr owner...you must have this!,1,Amazon
"Needless to say, I wasted my money.",0,Amazon
What a waste of money and time!.,0,Amazon
And the sound quality is great.,1,Amazon
He was very impressed when going from the original battery to the extended battery.,1,Amazon
If the two were seperated by a mere 5+ ft I started to notice excessive static and garbled sound from the headset.,0,Amazon
Very good quality though,1,Amazon
"The design is very odd, as the ear ""clip"" is not very comfortable at all.",0,Amazon
Highly recommend for any one who has a blue tooth phone.,1,Amazon
I advise EVERYONE DO NOT BE FOOLED!,0,Amazon
So Far So Good!.,1,Amazon
Works great!.,1,Amazon
It clicks into place in a way that makes you wonder how long that mechanism would last.,0,Amazon
"I went on Motorola's website and followed all directions, but could not get it to pair again.",0,Amazon
I bought this to use with my Kindle Fire and absolutely loved it!,1,Amazon
The commercials are the most misleading.,0,Amazon
I have yet to run this new battery below two bars and that's three days without charging.,1,Amazon
I bought it for my mother and she had a problem with the battery.,0,Amazon
Great Pocket PC / phone combination.,1,Amazon
I've owned this phone for 7 months now and can say that it's the best mobile phone I've had.,1,Amazon
I didn't think that the instructions provided were helpful to me.,0,Amazon
People couldnt hear me talk and I had to pull out the earphone and talk on the phone.,0,Amazon
Doesn't hold charge.,0,Amazon
"This is a simple little phone to use, but the breakage is unacceptible.",0,Amazon
This product is ideal for people like me whose ears are very sensitive.,1,Amazon
It is unusable in a moving car at freeway speed.,0,Amazon
I have two more years left in this contract and I hate this phone.,0,Amazon
Car charger as well as AC charger are included to make sure you never run out of juice.Highy recommended,1,Amazon
You need at least 3 mins to get to your phone book from the time you first turn on the phone.Battery life is short.,0,Amazon
It has kept up very well.,1,Amazon
Poor Talk Time Performance.,0,Amazon
The case is great and works fine with the 680.,1,Amazon
worthless product.,0,Amazon
"It has a great camera thats 2MP, and the pics are nice and clear with great picture quality.",1,Amazon
I was not impressed by this product.,0,Amazon
Nice headset priced right.,1,Amazon
I only hear garbage for audio.,0,Amazon
Excellent bluetooth headset.,1,Amazon
It has all the features I want,1,Amazon
Who in their right mind is gonna buy this battery?.,0,Amazon
AFTER ARGUING WITH VERIZON REGARDING THE DROPPED CALLS WE RETURNED THE PHONES AFTER TWO DAYS.,0,Amazon
This case seems well made.,1,Amazon
Disappointed with battery.,0,Amazon
Not loud enough and doesn't turn on like it should.,0,Amazon
good protection and does not make phone too bulky.,1,Amazon
A usable keyboard actually turns a PDA into a real-world useful machine instead of just a neat gadget.,1,Amazon
This phone is pretty sturdy and I've never had any large problems with it.,1,Amazon
I love this thing!,1,Amazon
Everything about it is fine and reasonable for the price i.e.,1,Amazon
VERY DISAPPOINTED.,0,Amazon
I even dropped this phone into a stream and it was submerged for 15 seconds and it still works great!,1,Amazon
I have been very happy with the 510 and have had NO complaints from any one regarding my sound quality on their end.,1,Amazon
The buttons for on and off are bad.,0,Amazon
Essentially you can forget Microsoft's tech support.,0,Amazon
"I really recommend this faceplates since it looks very nice, elegant and cool.",1,Amazon
These headphones were a great find - and I think they are perhaps the best purchase I've made in the last several years - seriously.,1,Amazon
Buy a different phone - but not this.,0,Amazon
You have to hold the phone at a particular angle for the other party to hear you clearly.,0,Amazon
The one big drawback of the MP3 player is that the buttons on the phone's front cover that let you pause and skip songs lock out after a few seconds.,0,Amazon
"A week later after I activated it, it suddenly died.",0,Amazon
It feels more comfortable than most headsets because I wear glasses and that gets in the way sometimes.,1,Amazon
Great for iPODs too.,1,Amazon
This device is great in several situations:1.),1,Amazon
Mic Doesn't work.,0,Amazon
"Even in my BMW 3 series which is fairly quiet, I have trouble hearing what the other person is saying.",0,Amazon
Great choice!,1,Amazon
Nice docking station for home or work.,1,Amazon
This is a beautiful phone.,1,Amazon
Love this product.,1,Amazon
Do Not Buy for D807...wrongly advertised for D807.,0,Amazon
This is a great little item.,1,Amazon
"I love this phone , It is very handy and has a lot of features .",1,Amazon
I purchased this and within 2 days it was no longer working!!!!!!!!!,0,Amazon
I wear it everyday and it holds up very well.,1,Amazon
Not a good bargain.,0,Amazon
"Well packaged, arrived on time, and works as intended.",1,Amazon
The battery runs down quickly.,0,Amazon
"This item worked great, but it broke after 6 months of use.",0,Amazon
The headsets are easy to use and everyone loves them.,1,Amazon
This phone works great.,1,Amazon
The construction of the headsets is poor.,0,Amazon
Product was excellent and works better than the verizon one and Boy was it cheaper!,1,Amazon
The phone loads super!,1,Amazon
"For a product that costs as much as this one does, I expect it to work far better and with greater ease than this thing does.",0,Amazon
Made very sturdy.,1,Amazon
Worked great!.,1,Amazon
The ear buds only play music in one ear.,0,Amazon
Dont waste your money...,0,Amazon
Will order from them again!,1,Amazon
If you plan to use this in a car forget about it.,0,Amazon
I found this product to be waaay too big.,0,Amazon
Best I've found so far .... I've tried 2 other bluetooths and this one has the best quality (for both me and the listener) as well as ease of using.,1,Amazon
I'm very disappointed with my decision.,0,Amazon
Integrated seamlessly with the Motorola RAZR phone.,1,Amazon
"Buyer Beware, you could flush money right down the toilet.",0,Amazon
Definitely a bargain.,1,Amazon
The price was very good and with the free shipping and all it was a good purchase.,1,Amazon
I received my supposedly new motorola 375 and apparently there was not a match between the phone and the charger.,0,Amazon
"Pros:-Good camera - very nice pictures , also has cool styles like black and white, and more.",1,Amazon
"That's a huge design flaw (unless I'm not using it correctly, which I don't think is the case).",0,Amazon
"I love my 350 headset.. My Jabra350 bluetooth headset is great, the reception is very good and the ear piece is a comfortable fit.",1,Amazon
"The camera, although rated at an impressive 1.3 megapixels, renders images that fall well below expectations of such a relatively high resolution.",0,Amazon
I purcashed this for the car charger and it does not work.,0,Amazon
"Sound quality on both end is excellent, I use headset to call my wife and ask my wife to use headset to call me !2.",1,Amazon
This phone is slim and light and the display is beautiful.,1,Amazon
its a little geeky but i think thats its sex on toast and it rocks and oozes sex right down to its battery embedded sleek stylish leather case.,1,Amazon
"Great product, fast shipping!.",1,Amazon
Absolutely great.,1,Amazon
The keyboard is a nice compromise between a full QWERTY and the basic cell phone number keypad.,1,Amazon
i got this phone around the end of may and i'm completely unhappy with it.,0,Amazon
It is very comfortable on the ear.,1,Amazon
It has been a winner for us.,1,Amazon
)Setup couldn't have been simpler.,1,Amazon
I've tried several different earpieces for my cell phone and this Jabra one is the first one I've found that fits my ear comfortably.,1,Amazon
Could not get strong enough signal.,0,Amazon
Iam very pleased with my purchase.,1,Amazon
Bad Quality.,0,Amazon
Gets the job done.,1,Amazon
Great audio!.,1,Amazon
Basically the service was very bad.,0,Amazon
it did not work in my cell phone plug i am very up set with the charger!.,0,Amazon
"I've only had my bluetooth for a few weeks, but I really like it.",1,Amazon
The BT headset was such a disapoinment.,0,Amazon
It is so small and you don't even realize that it is there after a while of getting used to it.,1,Amazon
The accompanied software is almost brilliant.,1,Amazon
Headset works great & was packaged nicely to avoid any damage.,1,Amazon
!I definitly recommend!!,1,Amazon
Buyer--Be Very Careful!!!!!.,0,Amazon
The majority of the Logitech earbud headsets failed.,0,Amazon
Very good stuff for the price.,1,Amazon
My headset works just peachy-keen.,1,Amazon
In my house I was getting dropped coverage upstairs and no coverage in my basement.,0,Amazon
Voice recognition is tremendous!,1,Amazon
What a waste.,0,Amazon
"During several different 2 minute calls, I experienced 5 drops and it was in an area that had 5 bars.",0,Amazon
I was not happy with this item.,0,Amazon
very disappointed.,0,Amazon
The phone takes FOREVER to charge like 2 to 5 hours literally.,0,Amazon
I got this phone on reccomendation from a relative and I'm glad I did.,1,Amazon
What a waste of time!,0,Amazon
Its reception is very very poor.,0,Amazon
Items stated as included from the description ARE NOT INCLUDED.,0,Amazon
"After 3 months, screen just went black all of a sudden.",0,Amazon
I Was Hoping for More.,0,Amazon
"Audio Quality is poor, very poor.",0,Amazon
I had absolutely no problem with this headset linking to my 8530 Blackberry Curve!,1,Amazon
"I know that sounds funny, but to me it seemed like sketchy technology that wouldn't work well.Well, this one works great.",1,Amazon
I've bought $5 wired headphones that sound better than these.,0,Amazon
This phone is very fast with sending any kind of messages and web browsing is significantly faster than previous phones i have used.,1,Amazon
"Nice quality build, unlike some cheap s*** out there.",1,Amazon
This item is fantastic and works perfectly!,1,Amazon
And I just love the colors!,1,Amazon
W810i is just SUPERB.,1,Amazon
"All I can do is whine on the Internet, so here it goes.The more I use the thing the less I like it.",0,Amazon
Great charger.,1,Amazon
This is essentially a communications tool that does not communicate.,0,Amazon
Works like a charm; it work the same as the one I got with the phone.,1,Amazon
"I still maintain that monkeys shouldn't make headphones, we just obviously don't share enough DNA to copy the design over to humans.",0,Amazon
Great Value.,1,Amazon
Doesn't work at all.. I bougth it for my L7c and its not working.,0,Amazon
"The look of it is very sharp and the screen is nice and clear, with great graphics.",1,Amazon
doesn't last long.,0,Amazon
One thing I hate is the mode set button at the side.,0,Amazon
EXCELLENT SERVICE!!!!!!!!.,1,Amazon
Thank you for wasting my money.,0,Amazon
How can that be?The audio quality is poor.,0,Amazon
The iGo chargers and tips are really great.,1,Amazon
The file browser offers all the options that one needs.Handsfree is great.,1,Amazon
Superb Phone on a Great Network.,1,Amazon
"I connected my wife's bluetooth,(Motorola HS850) to my phone and it worked like a charm whether the phone was in my pocket or the case.",1,Amazon
"I put the latest OS on it (v1.15g), and it now likes to slow to a crawl and lock up every once in a while.",0,Amazon
It only recognizes the Phone as its storage device.,0,Amazon
"If you like a loud buzzing to override all your conversations, then this phone is for you!",0,Amazon
Don't buy this product.,0,Amazon
I've had this bluetoooth headset for some time now and still not comfortable with the way it fits on the ear.,0,Amazon
The sound quality is good and functionality is awesome.,1,Amazon
"I have this phone and it is a thorn in my side, I really abhor it.",0,Amazon
I recently had problems where I could not stay connected for more than 10 minutes before being disconnected.,0,Amazon
Incredible!.,1,Amazon
Design Flaw?.,0,Amazon
Great phone!.,1,Amazon
Waste of 13 bucks.,0,Amazon
"But when I check voice mail at night, the keypad backlight turns off a few seconds into the first message, and then I'm lost.",0,Amazon
The replacement died in a few weeks.,0,Amazon
Any ring tone..Overall good phone to buy..,1,Amazon
Lately they have been extremely nice and helpful on the phone.,1,Amazon
I have had problems wit hit dropping signal and more.,0,Amazon
Not impressed.,0,Amazon
"Light weight, I hardly notice it is there.",1,Amazon
You'll love how thin it is.,1,Amazon
Bad Choice.,0,Amazon
The pleather case doesn't fit.,0,Amazon
"useless phone, simply deaf.",0,Amazon
"The color is even prettier than I thought it would be, and the graphics are incredibly sharp.",1,Amazon
All in all I think it was a good investment.,1,Amazon
It makes very strange ticking noises before it ends the call.,0,Amazon
The best electronics of the available FM Transmitters.,1,Amazon
Battery lasts only a few hours.,0,Amazon
"great headset, very impressed - H500.",1,Amazon
"The ""1.2"" mega pixel camera, being a part of a phone, is reasonably good7.",1,Amazon
I've had this for nearly 2 years and it has worked great for me.,1,Amazon
Good transmit audio.,1,Amazon
We are sending it back.,0,Amazon
I did not bother contacting the company for few dollar product but I learned the lesson that I should not have bought this form online anyway.,0,Amazon
"If you hate earbugs, avoid this phone by all means.",0,Amazon
Great price also!,1,Amazon
"The range is very decent, I've been able to roam around my house with the phone in the living room with no reception/sound quality issues.",1,Amazon
fast service.,1,Amazon
I would highly recommend this.,1,Amazon
I would recommend this.,1,Amazon
"I also didn't like the ""on"" button, it felt like it would crack with use.",0,Amazon
WORST PHONE EVER.,0,Amazon
I'm still infatuated with this phone.,1,Amazon
Freezes frequently4.,0,Amazon
It's kind of embarrassing to use because of how it looks and mostly it's embarrassing how child-like the company is.,0,Amazon
"Simple, lightweight and great fit.",1,Amazon
"All in all, I'd expected a better consumer experience from Motorola.",0,Amazon
There's a horrible tick sound in the background on all my calls that I have never experienced before.,0,Amazon
These are certainly very comfortable and functionality is decent.,1,Amazon
I usually don't like headbands but this one is very lightweight & doesn't mess up my hair.,1,Amazon
I'm a bit disappointed.,0,Amazon
"I have had this phone for over a year now, and I will tell you, its not that great.",0,Amazon
I ordered this for sony Ericsson W810i but I think it only worked once (thats when I first used it).,0,Amazon
The battery is completely useless to me.,0,Amazon
What a big waste of time.,0,Amazon
Don't waste your $$$ on this one.,0,Amazon
Great sound and service.,1,Amazon
Really pleased with this product so far.,1,Amazon
One of my favorite purchases ever.,1,Amazon
best bluetooth on the market.,1,Amazon
Authentic leather with nice shine and comfort .I recommend you this case !!,1,Amazon
I was very excited to get this headset because I thought it was really cute.,1,Amazon
Do not make the same mistake as me.,0,Amazon
Big Disappointment with calendar sync.,0,Amazon
the phone was unusable and was not new.,0,Amazon
Worst Customer Service Ever.,0,Amazon
"No additional ear gels provided, and no instructions whatsoever.",0,Amazon
It defeats the purpose of a bluetooth headset.,0,Amazon
Worth every penny.,1,Amazon
Excellent wallet type phone case.,1,Amazon
Nice headphones for the price and they work great!,1,Amazon
Internet is excrutiatingly slow.,0,Amazon
"It is very comfortable to wear as well, which is probably the most important aspect about using a case.",1,Amazon
"It's fits like a glove and is strong, secure, and durable.",1,Amazon
O my gosh the best phone I have ever had.,1,Amazon
It's very attractive and appears to be of good quality.,1,Amazon
I love all the features and form factor.,1,Amazon
This product had a strong rubber/petroleum smell that was unbearable after a while and caused me to return it,0,Amazon
poor quality and service.,0,Amazon
"The cable looks so thin and flimsy, it is scary.",0,Amazon
Great Earpiece.,1,Amazon
Excellent hands free tool.,1,Amazon
Great for using with your home stereo.,1,Amazon
Good product - incredible value.,1,Amazon
Only had this a month but it's worked flawlessly so far.,1,Amazon
Works great.,1,Amazon
Absolutel junk.,0,Amazon
THAT one didn't work either.,0,Amazon
Battery life is real good.,1,Amazon
Returned 8 hours later.,0,Amazon
It's a great item.,1,Amazon
Don't waste your money!.,0,Amazon
Love this headset!,1,Amazon
"Not only will it drain your player, but may also potentially fry it.",0,Amazon
Worked perfectly!,1,Amazon
Unreliable - I'm giving up.,0,Amazon
I gave it 5 stars because of the sound quality.,1,Amazon
Avoid this one if you can.,0,Amazon
Reversible plug works great.,1,Amazon
I wasted my little money with this earpiece.,0,Amazon
Very good phone.,1,Amazon
"Best of all is the rotating feature, very helpful.",1,Amazon
Comfort for our whole family.,1,Amazon
"Good product, good seller.",1,Amazon
I love this bluetooth!,1,Amazon
"First of all, it doesn't wear well.",0,Amazon
I am very impressed with this headset from Plantronics.,1,Amazon
I got it because it was so small and adorable.,1,Amazon
Great phone!.,1,Amazon
I wouldn't recommend buying this product.,0,Amazon
Piece of Junk.,0,Amazon
Poorly contstruct hinge.,0,Amazon
"This item is great, installed it, let it charged up overnite and it has been working good every since with no problems",1,Amazon
Great Phone.,1,Amazon
Don't buy it.,0,Amazon
Excellent Phone.,1,Amazon
DO NOT PURCHASE THIS PHONE.,0,Amazon
The voice recognition thru the handset is excellent.,1,Amazon
This is hands down the best phone I've ever had.,1,Amazon
"Works great, when my cat attacked the phone he scratched the protective strip instead of destroying the screen.",1,Amazon
This one works and was priced right.,1,Amazon
Customer service was terrible.,0,Amazon
Battery life still not long enough in Motorola Razor V3i.,0,Amazon
Sending it back.,0,Amazon
Now I know that I made a wise decision.,1,Amazon
Someone shouldve invented this sooner.,1,Amazon
Good price.,1,Amazon
Everything worked on the first try.The device was certainly engineered in a clever way and the construction feels good.,1,Amazon
I received it quickly and it works great!!,1,Amazon
Has been working great.,1,Amazon
"As many people complained, I found this headset's microphone was very weak.",0,Amazon
My 5-year old Nokia 2160 from Tracfone holds the charge a lot better than this.,0,Amazon
They do not care about the consumer one bit.,0,Amazon
"This is a good battery, and it got here really fast.",1,Amazon
The instruction manual is lacking.,0,Amazon
Also its slim enough to fit into my alarm clock docking station without removing the case.,1,Amazon
Phone now holds charge like it did when it was new.,1,Amazon
The battery is unreliable as well as the service use antena.,0,Amazon
It's uncomfortable and the sound quality is quite poor compared with the phone (Razr) or with my previous wired headset (that plugged into an LG).,0,Amazon
We have gotten a lot of compliments on it.,1,Amazon
This is definitely a must have if your state does not allow cell phone usage while driving.,1,Amazon
I want my money back.,0,Amazon
I love this device.,1,Amazon
I am also very happy with the price.,1,Amazon
I ordered this product first and was unhappy with it immediately.,0,Amazon
The Ngage is still lacking in earbuds.,0,Amazon
I was able to do voice dialing in the car with no problem.,1,Amazon
"I have 2-3 bars on my cell phone when I am home, but you cant not hear anything.",0,Amazon
"good item, low price.",1,Amazon
"However-the riingtones are not the best, and neither are the games.",0,Amazon
The plug did not work very well.,0,Amazon
AMAZON SUCKS.,0,Amazon
Rip off---- Over charge shipping.,0,Amazon
VERY comfortable.,1,Amazon
The battery is working well as a replacement for the original that came with the phone over 2 years ago.,1,Amazon
The reception is excellent!,1,Amazon
"It fits comfortably in either ear, the sound is clear and loud, and the charge lasts a couple of days.",1,Amazon
"very clear, quality sound and you don't have to mess with the sound on your iPod since you have the sound buttons on the headset.",1,Amazon
1. long lasting battery (you don't have to recharge it as frequentyly as some of the flip phones)2.,0,Amazon
Obviously there is a problem with the adhesive.,0,Amazon
Very disappointing.,0,Amazon
"It was an inexpensive piece, but I would still have expected better quality.",0,Amazon
It is practically useless and did not add any kind of boost to my reception after I bought it.,0,Amazon
Excellent sound quality.,1,Amazon
Was not happy.,0,Amazon
A PIECE OF JUNK THAT BROKE AFTER BEING ON MY PHONE FOR 2 DAYS!!!,0,Amazon
New Battery works great in phone.,1,Amazon
Worst customer service.,0,Amazon
"I've dropped my phone more times than I can say, even on concrete and my phone is still great (knock on wood!).",1,Amazon
Reception is terrible and full of static.,0,Amazon
Good audio quality.,1,Amazon
This little device has transformed my organizational capability and made my life a whole lot easier.,1,Amazon
"I was sitting in my vehicle, with the cradle on my belt, and the headset lost signal.",0,Amazon
Were JERKS on the phone.,0,Amazon
Works like a charm.. Works as advertised.,1,Amazon
"Comfortable, Nice Range, Good Battery Life.",1,Amazon
Their network coverage in Los Angeles is horrible.,0,Amazon
Excellent starter wireless headset.,0,Amazon
"The loudspeaker option is great, the bumpers with the lights is very ... appealing.",0,Amazon
The only thing that I think could improve is the sound leaks out from the headset.,0,Amazon
"First off the reception sucks, I have never had more than 2 bars, ever.",0,Amazon
The phone gets EXTREMELY HOT!,0,Amazon
"The microphone also works well, but (according to people I have called) it applifies everything.",1,Amazon
Nice design and quality.,1,Amazon
"Also, if your phone is dropped, this case is not going to save it, specially when dropped face down.",0,Amazon
"It is light, easy to use, and has very clear reception and transmission.",1,Amazon
"bad fit, way too big.",0,Amazon
It definitely was not as good as my S11.,1,Amazon
awesome device.,1,Amazon
Waste of money.,0,Amazon
"I had ordered a motorola data cable, got a very well finished and working product.",1,Amazon
Love This Phone.,1,Amazon
I was looking for this headset for a long time and now that I've got it I couldn't be happier.,1,Amazon
"I'll be drivng along, and my headset starts ringing for no reason.",0,Amazon
Display is excellent and camera is as good as any from that year.,1,Amazon
Battery life is also great!,1,Amazon
The worst phone I've ever had.... Only had it for a few months.,0,Amazon
Not a good item.. It worked for a while then started having problems in my auto reverse tape player.,0,Amazon
This is so embarassing and also my ears hurt if I try to push the ear plug into my ear.,0,Amazon
Protects the phone on all sides.,1,Amazon
This is a VERY average phone with bad battery life that operates on a weak network.,0,Amazon
"Clear Skype Calls, Long Battery Life, Long Range.",1,Amazon
Soyo technology sucks.,0,Amazon
Great Hands Free Device.,1,Amazon
"you can even take self portraits with the outside (exterior) display, very cool.",1,Amazon
Same problem as others have mentioned.,0,Amazon
After trying many many handsfree gadgets this is the one that finally works well.,1,Amazon
Magical Help.,1,Amazon
The worst piece of crap ever along with the Verizon customer service.,0,Amazon
Poor sound quality.,0,Amazon
The best phone in market :).,1,Amazon
It worked very well.,1,Amazon
The company shipped my product very promptly and it works well.,1,Amazon
Exactly what I wanted.,1,Amazon
The picture resolution is far below what other comparably-priced phones are offering today.,0,Amazon
This is a great deal.,1,Amazon
"Excellent product, I am very satisfied with the purchase.",1,Amazon
I highly recommend these and encourage people to give them a try.,1,Amazon
Better than you'd expect.,1,Amazon
"Using all earpieces, left or right, this thing will not stay on my ear.",0,Amazon
Great product and price.,1,Amazon
"Sounds good reasonably priced and effective, Its that simple !",1,Amazon
Still Waiting...... I'm sure this item would work well.. if I ever recieve it!,0,Amazon
what a disappointment,0,Amazon
Very prompt service.,1,Amazon
Excellent product for the price.,1,Amazon
Very pleased with this headset.,1,Amazon
don't waste your money and time.,0,Amazon
I especially love the long battery life.,1,Amazon
"It's so stupid to have to keep buying new chargers, car chargers, cradles, headphones and car kits every time a new phone comes out.",0,Amazon
Works great.,1,Amazon
Plantronics Bluetooth Excelent Buy.,1,Amazon
I came over from Verizon because cingulair has nicer cell phones.... the first thing I noticed was the really bad service.,0,Amazon
I'll be looking for a new earpiece.,0,Amazon
I highly recommend this device to everyone!,1,Amazon
Jawbone Era is awesome too!,1,Amazon
We received a WHITE colored battery that goes DEAD after a couple hoursTHe original used to last a week - but still lasts longer than thereplacement,0,Amazon
After a year the battery went completely dead on my headset.,0,Amazon
"I have used several phone in two years, but this one is the best.",1,Amazon
An Awesome New Look For Fall 2000!.,1,Amazon
This is the first phone I've had that has been so cheaply made.,0,Amazon
"Att is not clear, sound is very distorted and you have to yell when you talk.",0,Amazon
The plastic breaks really easy on this clip.,0,Amazon
Price is good too.,1,Amazon
Don't make the same mistake I did.,0,Amazon
Oh and I forgot to also mention the weird color effect it has on your phone.,0,Amazon
I'm using it with an iriver SPINN (with case) and it fits fine.,1,Amazon
Also the area where my unit broke).- I'm not too fond of the magnetic strap.,0,Amazon
"Overall, I am psyched to have a phone which has all my appointments and contacts in and gets great reception.",1,Amazon
"every thing on phone work perfectly, she like it.",1,Amazon
"Another note about this phone's appearance is that it really looks rather bland, especially in the all black model.",0,Amazon
IT'S REALLY EASY.,1,Amazon
My Sanyo has survived dozens of drops on blacktop without ill effect.,1,Amazon
Fantastic earphones.,1,Amazon
It finds my cell phone right away when I enter the car.,1,Amazon
Low Quality.,0,Amazon
I highly recommend this modest priced cellular phone.,1,Amazon
But it does get better reception and clarity than any phone I've had before.,1,Amazon
Warning - Stay away.,0,Amazon
I wish I could return the unit and get back my money.,0,Amazon
Awsome Device Works Great!!.,1,Amazon
I used to talk on it for 1 - 1 1/2 hours and the battery would be literally drained and dying.,0,Amazon
"If you don't find it, too bad, as again the unit comes with one earpad only.I would not recommend this to anyone.",0,Amazon
Very Displeased.,0,Amazon
"I might have gotten a defect, but I would not risk buying it again because of the built quality alone.",0,Amazon
They made this case too small and is very difficult to install.,0,Amazon
Restored my phone to like new performance.,1,Amazon
"I would recommend purchasing the Jabra JX-10 series 2 which works flawlessly with my Moto Q, go figure.",1,Amazon
"I searched the Internet, and found this one to be the best value.",1,Amazon
Does not fit.,0,Amazon
Very happy with this product.,1,Amazon
"The screen size is big, key pad lit well enough, and the camera quality is excellent for a camera phone.",1,Amazon
There's really nothing bad I can say about this headset.,0,Amazon
"i'm glad i found this product on amazon it is hard to find, it wasn't high priced.",1,Amazon
Portable and it works.,1,Amazon
"My colleague & I now get great reception.A little expensive, but performance is great.",1,Amazon
I even fully charged it before I went to bed and turned off blue tooth and wi-fi and noticed that it only had 20 % left in the morning.,0,Amazon
I've also had problems with the phone reading the memory card in which I always turn it on and then off again.,0,Amazon
Not good when wearing a hat or sunglasses.,0,Amazon
Timely shipment and quality product.,1,Amazon
Nice solid keyboard.,1,Amazon
Very well made and fits my Surefire GX2 perfectly.,1,Amazon
Horrible phone.,0,Amazon
BT50 battery junk!.,0,Amazon
We would recommend these to others.,1,Amazon
Cant get the software to work with my computer.,0,Amazon
Disappointed!.,0,Amazon
poor voice clarity.,0,Amazon
The battery works great!,1,Amazon
No buyers remorse on this one!.,0,Amazon
Very disappointed in AccessoryOne.,0,Amazon
I find this inexcusable and so will probably be returning this phone and perhaps changing carriers.,0,Amazon
"Looks great and is strong.""",1,Amazon
"I have had TMobile service for 2 or 3 years now, and I am pretty happy with it.",1,Amazon
The update procedure is difficult and cumbersome.,0,Amazon
Disappointment.. I hate anything that goes in my ear.,0,Amazon
Great software for Motorolas.,1,Amazon
The delivery was on time.,1,Amazon
Very easy to use.,1,Amazon
"Uncomfortable In the Ear, Don't use with LG VX9900 (EnV).",0,Amazon
The volume switch rocketed out of the unit to a destination unknown.,0,Amazon
"It holds a charge for a long time, is reasonably comfortable under long-wearing conditions and the quality of sound is tremendous.",1,Amazon
I'd like to return it.,0,Amazon
The keyboard is really worthwhile in usefulness and is sturdy enough I don't expect any problems.,1,Amazon
"Verizon's bills, however, are difficult to understand even though their pricing plans are simple.",0,Amazon
"After charging overnight, these batteries work great.",1,Amazon
You won't regret it!,1,Amazon
I love this phone!.,1,Amazon
A Disappointment.,0,Amazon
Its not user friendly.,0,Amazon
Unfortunately the ability to actually know you are receiving a call is a rather important feature and this phone is pitiful in that respect.,0,Amazon
"Then I exchanged for the same phone, even that had the same problem.",0,Amazon
This results in the phone being either stuck at max volume or mute.,0,Amazon
This PDA rocks.,1,Amazon
"It is super charged up for use as a small hybrid palmtop/camera/cellphone, and excels in those roles.",1,Amazon
"I would definitely recommend the Jabra BT250v for those who are looking for comfort, clarity and a great price!",1,Amazon
I had Verizon 2 years ago and really liked their service.,1,Amazon
Pretty piece of junk.,0,Amazon
Plug was the wrong size.,0,Amazon
Works as described.,1,Amazon
Save your money.... I've had this item for 11 months now.,0,Amazon
Bad Purchase.,0,Amazon
WELL IM SATISFIED.,1,Amazon
"The bose noise cancelling is amazing, which is very important for a NYC commuter.",1,Amazon
This battery is an excellent bargain!,1,Amazon
Defective crap.,0,Amazon
I would have given no star if I was able.,0,Amazon
I wear glasses and it fits fine with them.,1,Amazon
"The sound quality for the device is unacceptable.Unless you are in a really quiet area, you almost hear nothing.",0,Amazon
I would not recommend this item to anyone.,0,Amazon
The holster that arrived did not match the photo in the ad.,0,Amazon
great...no problems at all!.,1,Amazon
"As an earlier review noted, plug in this charger and nothing happens.",0,Amazon
This frog phone charm is adorable and very eye catching.,1,Amazon
You never know if you pushed it hard enough or the right number of times for the function you want or not.,0,Amazon
The sound is clear and the people I talk to on it are amazed at the quality too.,1,Amazon
I got the aluminum case for my new Palm VX and it worked really well--it has protected my handheld perfectly so far.,1,Amazon
"very good product, well made.",1,Amazon
Mobile Phone Tools are a must have.,1,Amazon
I am very impressed with the job that Motorola did on the sturdiness of this phone.,1,Amazon
"I received my orders well within the shipping timeframe, everything was in good working order and overall, I am very excited to have this source.",1,Amazon
The phone is sturdy and waterproof.,1,Amazon
I am not impressed with this and i would not recommend this item to anyone.,0,Amazon
My only complaint is the standard sound volume is a little low even when turned up to 5(of 5),0,Amazon
Thanks again to Amazon for having the things I need for a good price!,1,Amazon
I ended up sliding it on the edge of my pants or back pockets instead.,1,Amazon
I had to go to a store and bought a new NOKIA phone which is working great.,1,Amazon
Works great!.,1,Amazon
REALLY UGLY.,0,Amazon
"horrible, had to switch 3 times.",0,Amazon
The noise shield is incrediable.,1,Amazon
No real improvement.,0,Amazon
Razr Battery - Good buy.,1,Amazon
Keep up the good work Amazon!!,1,Amazon
They refuse to refund or replace.,0,Amazon
Unfortunately it's easy to accidentally activate them with the gentle-touch buttons if you accidentally touch the phone to your face while listening.,0,Amazon
So I basically threw my money out the window for nothing.,0,Amazon
Great case and price!,1,Amazon
All it took was one drop from about 6 inches above the kitchen counter and it was cracked.I am not impressed and I am not laughing.,0,Amazon
"Bluetooth range is good - a few days ago I left my phone in the trunk, got a call, and carried the conversation without a hitch.",1,Amazon
"Small, sleek, impressive looking, practical setup with ample storage in place.",1,Amazon
The eargels channel the sound directly into your ear and seem to increase the sound volume and clarity.,1,Amazon
none of the new ones have ever quite worked properly.,0,Amazon
I am glad I purchased it.,1,Amazon
I've missed numerous calls because of this reason.,0,Amazon
"Perhaps my phone is defective, but people cannot hear me when I use this.",0,Amazon
Don't buy this product.,0,Amazon
"sucked, most of the stuff does not work with my phone.",0,Amazon
"No shifting, no bubbling, no peeling, not even a scratch, NOTHING!I couldn't be more happier with my new one for the Droid.",1,Amazon
Worst software ever used.... If I could give this zero stars I would.,0,Amazon
Trying to make a call on these is an exercise in frustration.,0,Amazon
The case is a flimsy piece of plastic and has no front or side protection whatsoever.,0,Amazon
"I own a Jabra Earset and was very happy with it, but the sound quality, especially outgoing, on this is better.",1,Amazon
"I love the camera, it's really pretty good quality.",1,Amazon
Thank you for such great service.,1,Amazon
Its a total package.,1,Amazon
"The seller is very understanding and patient, I would definitely buy from them again.",1,Amazon
I give Wirefly 1 star.I will contact Cingular/AT&T; and inform them of this practice.,0,Amazon
It's AGGRAVATING!,0,Amazon
Great product for the price!.,1,Amazon
"I have purchased these for both family and friends, and all enjoy their clarity and ease of use",1,Amazon
Virgin Wireless rocks and so does this cheap little phone!,1,Amazon
"None of it works, just don't buy it.",0,Amazon
"Muddy, low quality sound, and the casing around the wire's insert was poorly super glued and slid off.",0,Amazon
Please dont waste your money.,0,Amazon
"All in all, I'm quite satisfied with this purchase.",1,Amazon
"If you are looking for a good quality Motorola Headset keep looking, this isn't it.",0,Amazon
Yet Plantronincs continues to use the same flawed charger design.,0,Amazon
Disapointing Results.,0,Amazon
Cumbersome design.,0,Amazon
"Great it was new packaged nice works good, no problems and it came in less time then I expected!!!!",1,Amazon
Great Product.,1,Amazon
It's A PIECE OF CRAP!,0,Amazon
"My experience was terrible..... This was my fourth bluetooth headset, and while it was much more comfortable than my last Jabra (which I HATED!!!",0,Amazon
This fixes all the problems.,1,Amazon
Worst ever.,0,Amazon
I am very happy,1,Amazon
"I've had no trouble accessing the Internet, downloading ringtones or performing any of the functions.",1,Amazon
"I can barely ever hear on it and am constantly saying ""what?""",0,Amazon
The battery life is highly unacceptable.,0,Amazon
That company is a joke.,0,Amazon
It does everything the description said it would.,1,Amazon
Due to this happening on every call I was forced to stop using this headset.,0,Amazon
"It works great with a car charger, especially if you cannot plug in two adapters at the same time.",1,Amazon
"Verizon tech support walked my through a few procedures, none of which worked and I ended up having to do a hard re-set, wiping out all my data.",0,Amazon
"Voice Quality, Signal Strength, Dropped Calls.",0,Amazon
"It plays louder than any other speaker of this size; the price is so low that most would think the quality is lacking, however, it's not.",1,Amazon
Better than expected.,1,Amazon
"It feels poorly constructed, the menus are difficult to navigate, and the buttons are so recessed that it is difficult to push them.",0,Amazon
Battery is holding up well.,1,Amazon
Also difficult to put on.I'd recommend avoiding this product.,0,Amazon
"I only used it two days, and it wasn't always easy to hear with.",0,Amazon
I got the car charger and not even after a week the charger was broken...I went to plug it in and it started smoking.,0,Amazon
Sprint - terrible customer service.,0,Amazon
Linked to my phone without effort.,1,Amazon
THey are so cool!,1,Amazon
Easy to use.,1,Amazon
Better Than New.,1,Amazon
"What possesed me to get this junk, I have no idea...",0,Amazon
Piece of trash.,0,Amazon
A pretty good product.,1,Amazon
This is a great phone!.,1,Amazon
"For the price on Amazon, it is an excellent product, which I would highly recommend.",1,Amazon
Their Research and Development division obviously knows what they're doing.,1,Amazon
"The real killer is the volume, and of course it breaking.",0,Amazon
Those phones are working just fine now.,1,Amazon
I am more than happy with this product.,1,Amazon
Poor Construction.,0,Amazon
This is infuriating.,0,Amazon
"Overall, I would recommend this phone over the new Walkman.",1,Amazon
Sprint charges for this service.,0,Amazon
"It is cheap, and it feel and look just as cheap.",0,Amazon
It fits my ear well and is comfortable on.,1,Amazon
It doesn't work in Europe or Asia.,0,Amazon
clipping this to your belt will deffinitely make you feel like 50 cent's up-and-coming.,1,Amazon
I like design and look of Jabra behing the ear headsets and 5020 is pretty comfortible to wear 24 hours a day without pain in the ear.,1,Amazon
I was amazed at the quick arrival of the two original lg cell phone batteries and and at a fraction of the price.,1,Amazon
the worst phone from samsung...crap..... this crappy Samsung E715.. is the worst i have ever seeen.,0,Amazon
the charger worked for about a week and then completely stopped charging my phone.,0,Amazon
Poor product.,0,Amazon
However I needed some better instructions.,0,Amazon
You need two hands to operate the screen.This software interface is decade old and cannot compete with new software designs.,0,Amazon
Worked very well paired with a Treo 700w and as a Skype headset on my PC (using a USB Bluetooth transceiver).,1,Amazon
"Steer clear of this product and go with the genuine Palm replacementr pens, which come in a three-pack.",0,Amazon
DO NOT BUY DO NOT BUYIT SUCKS,0,Amazon
This is a great product..... sure beats using your fingers!.,1,Amazon
"Plus, I seriously do not believe it is worth its steep price point.",0,Amazon
All the other cases I've tried normally fall apart after a few months but this one seems to be in for the long haul.,1,Amazon
Very Dissapointing Performance.,0,Amazon
Don't make the same mistake that I did and please don't buy this phone.,0,Amazon
This phone might well be the worst I've ever had in any brand.,0,Amazon
Case was more or less an extra that I originally put on but later discarded because it scratched my ear.,0,Amazon
I recommend iGo to anyone with different brand cell phones/mp3 players in the family.,1,Amazon
Don't bother - go to the store.,0,Amazon
"I posted more detailed comments under the grey or black phone, but i have the Fire Red and it's a great color!",1,Amazon
I did not have any problem with this item and would order it again if needed.,1,Amazon
You get what you pay for I guess.,0,Amazon
"Not only did the software do a great job of this, I could also make my own ringtones form my existing CDs without an internet connection.",1,Amazon
im surprised this is a good quality car charger and there's not much reviews about it.,1,Amazon
These are fabulous!,1,Amazon
"However, BT headsets are currently not good for real time games like first-person shooters since the audio delay messes me up.",0,Amazon
I used bitpim (a free program you can find on the internet)to transfer data to the phone.The price of the cable was excellent.,1,Amazon
Disappointing accessory from a good manufacturer.,0,Amazon
"Performed awful -- muffled, tinny incoming sound and severe echo for those on the other end of the call.",0,Amazon
Very wind-resistant.,1,Amazon
"Obviously they have a terrible customer service, so you get what you pay for.",0,Amazon
"They do not last forever, but is not overly expensive to replace.Easy to operate and the sound is much better than others I have tried.",1,Amazon
"I contacted the company and they told me that, although the unit was still under warranty, if I couldn't produce my receipt I was out of luck.",0,Amazon
Linksys should have some way to exchange a bad phone for a refurb unit or something!,0,Amazon
Phone is sturdy as all nokia bar phones are.,1,Amazon
Great phone.,1,Amazon
"When I placed my treo into the case, not only was it NOT snug, but there was A LOT of extra room on the sides.",0,Amazon
I'm pleased.,1,Amazon
Battery is terrible.,0,Amazon
I found the product to be easy to set up and use.,1,Amazon
The earpiece on this is too large or too heavy...it keeps falling out of my ear.,0,Amazon
Utter crap.. Sound quality is TERRIBLE.,0,Amazon
"The charger arrived within the promised timeframe, but it did not work.",0,Amazon
"No ear loop needed, it's tiny and the sound is great.",1,Amazon
"Finally, after three or four times the spring of the latch broke and I could not use it any longer on the visor.",0,Amazon
"The handsfree part works fine, but then the car tries to download the address book, and the Treo reboots.Overall, I still rate this device high.",1,Amazon
Talk about USELESS customer service.,0,Amazon
"It felt too light and ""tinny."".",0,Amazon
This does not fit the Palm Tungsten E2 and it broke the first time I tried to plug it in.,0,Amazon
I'm happy about this purchase- good quality and low price.,1,Amazon
I love the look and feel of Samsung flipphones.,1,Amazon
Its well-designed and very sharp -- the blue is a very nice color.,1,Amazon
Does everything it should and more.,1,Amazon
I could not recommend these more.,0,Amazon
Nice Sound.,1,Amazon
"Looks good in the picture, but this case was a huge disappointment!!",0,Amazon
Much less than the jawbone I was going to replace it with.,1,Amazon
Setup went very smoothly.,1,Amazon
its extremely slow and takes forever to do anything with it.,0,Amazon
"A must study for anyone interested in the ""worst sins"" of industrial design.",0,Amazon
The first thing that happened was that the tracking was off.,0,Amazon
"It is well made, easy to access the phone and has a handy, detachable belt clip.",1,Amazon
Then I had to continue pairing it periodically since it somehow kept dropping.,0,Amazon
Can't upload ringtones from a third party.,0,Amazon
"Bluetooth does not work, phone locks up, screens just flash up and now it just makes calls randomly while in my pocket locked.",0,Amazon
Truly awful.,0,Amazon
"It works fine on my Motorola 325 cellphone, and a lot better than the worn-out battery did.",1,Amazon
The volume for the ringer is REAL good (you have choices how loud).,1,Amazon
And none of the tones is acceptable.,0,Amazon
camera color balance is AWFUL.,0,Amazon
"This product is clearly not ready for prime time, I don't care how cool it looks, if you can't tell a call is coming in it's worthless.",0,Amazon
I love the ringtones because they are so upbeat!,1,Amazon
Chinese Forgeries Abound!.,0,Amazon
Easy to pair with my Samsung Cell.,1,Amazon
The instructions didn't explain that a microphone jack could be used.,0,Amazon
i would advise to not purchase this item it never worked very well.,0,Amazon
Too bad you have to pay up to $$$ a month for the service!,0,Amazon
Works well.,1,Amazon
The nokia CA-42 USB cable did not work with my phone.,0,Amazon
Clear crisp sound.,1,Amazon
"I have to use the smallest earpieces provided, but it stays on pretty well.",1,Amazon
"The biggest complaint I have is, the battery drains superfast.",0,Amazon
The design might be ergonomic in theory but I could not stand having these in my ear.,0,Amazon
Do NOT buy if you want to use the holster.,0,Amazon
The phone can also take great pictures and even video clips.,1,Amazon
It doesn't make you look cool.,0,Amazon
"Because both ears are occupied, background is not distracting at all.",1,Amazon
"Comfortable fit - you need your headset to be comfortable for at least an hour at a time, if not for an entire day.",1,Amazon
"Also, the phone doesn't seem to accept anything except CBR mp3s, preferably ripped by Windows Media Player.",0,Amazon
You can't beat the price on these.,1,Amazon
"* Comes with a strong light that you can use to light up your camera shots, and even flash SOS signals (seriously!",1,Amazon
lightweight and works well.,1,Amazon
So just beware.,0,Amazon
I love this cable - it allows me to connect any mini-USB device to my PC.,1,Amazon
So anyone near you will hear part of your conversation.,0,Amazon
This is cool because most cases are just open there allowing the screen to get all scratched up.,1,Amazon
I bought this phone as a replacement for my StarTac and have regretted it since.,0,Amazon
Appears to actually outperform the original battery from China that came with my V325i.,1,Amazon
Can't store anything but phone numbers to SIM.,0,Amazon
"It lasts less than 3o minutes, if I actually try to use the phone.My wife has the same phone with the same problem.",0,Amazon
Poor quality.,0,Amazon
"jabra ear gels ""R"" the best!.",1,Amazon
Not worth it.,0,Amazon
The phone crashed completely and now I have to get it replaced.,0,Amazon
"It quit working after I'd used it for about 18 months, so I just purchased another one because this is the best headset I've ever owned.",1,Amazon
"Unfortunately it will not recharge my iPhone 4s, despite connecting it from multiple power sources (iMac, external battery, wall outlet, etc).",0,Amazon
It was a great phone.,1,Amazon
if you simply want a small flip phone -- look elsewhere as the extra bells & whistles are mediocre.,0,Amazon
"Good value, works fine - power via USB, car, or wall outlet.",1,Amazon
My phone doesn't slide around my car now and the grip prevents my phone from slipping out of my hand.,1,Amazon
This is simply the BEST bluetooth headset for sound quality!,1,Amazon
Think it over when you plan to own this one!This sure is the last MOTO phone for me!,0,Amazon
"In the span of an hour, I had two people exclaim ""Whoa - is that the new phone on TV?!?",1,Amazon
I have always used corded headsets and the freedom from the wireless is very helpful.,1,Amazon
"This case has passed the one year mark and while it shows signs of wear, it is 100% functional.",1,Amazon
"Other than that, the leather is nice and soft; the fit is very tight; the cut out for the face is a good shape.",1,Amazon
It has everything I need and I couldn't ask for more.,1,Amazon
After receiving and using the product for just 2 days it broke.,0,Amazon
This product is great... it makes working a lot easier I can go to the copier while waiting on hold for something.,1,Amazon
None of the three sizes they sent with the headset would stay in my ears.,0,Amazon
T-Mobile has the best customer service anywhere.,1,Amazon
Arrived quickly and much less expensive than others being sold.,1,Amazon
We have tried 2 units and they both failed within 2 months.. Pros,0,Amazon
"Provides good protection and looks classy, too.",1,Amazon
Krussel Always good.,1,Amazon
"The tracfonewebsite is user friendly and makes it easy toactivate, etc.",1,Amazon
The design is very good.4.,1,Amazon
I great reception all the time.,1,Amazon
I would highly recommend this product.,1,Amazon
"Couldn't use the unit with sunglasses, not good in Texas!",0,Amazon
It dit not work most of the time with my Nokia 5320.,0,Amazon
"Bought mainly for the charger, which broke soon after purchasing.",0,Amazon
"If you like a loud buzzing to override all your conversations, then this phone is for you!",0,Amazon
Fantastic buy and will get again for whatever my next phone is,1,Amazon
"stay away from this store, be careful.",0,Amazon
This BlueAnt Supertooth hands-free phone speaker is AWESOME.,1,Amazon
Does not fit.,0,Amazon
.... Item arrived quickly and works great with my Metro PCS Samsung SCH-r450 slider phone and Sony Premium Sound in ear plugs.,1,Amazon
"It is light, has plenty of battery capacity, and is very confortable to wear for somewhat extended periods of time.",1,Amazon
disappointing.,0,Amazon
Blue Ant is easy to use.,1,Amazon
Cheap but hey it works.. Was pleasantly suprised given the low cost of this item.,1,Amazon
The camera on the phone may be used as a dustpan when indoors... I'd rather be using a disposable then this.,0,Amazon
Then a few days later the a puff of smoke came out of the phone while in use.,0,Amazon
It's very convenient and simple to use - gets job done & makes the car ride so much smoother.,1,Amazon
The nano stated it.My son was dissapointed.,0,Amazon
The sound quality is excellent as well.,1,Amazon
Its the best headset I have used.,1,Amazon
Would not reccommend.,0,Amazon
They have been around for years and carries the highest quality of anti-glare screen protector that I have found to date.,1,Amazon
Just what I wanted.,1,Amazon
This particular model would not work with my Motorola Q smartphone.,0,Amazon
wont work right or atleast for me.,0,Amazon
in addition it feels &amp; looks as if the phone is all lightweight cheap plastic.,0,Amazon
"But now that it is ""out of warranty"" the same problems reoccure.Bottom line... put your money somewhere else... Cingular will not support it.",0,Amazon
"I really wanted the Plantronics 510 to be the right one, but it has too many issues for me.The good",0,Amazon
Great product.,1,Amazon
Crisp and Clear.,1,Amazon
AFter the first charge kept going dead after 12 minutes.,0,Amazon
"VERY cheap plastic, creaks like an old wooden floor.",0,Amazon
"I get absolutely horrible reception in my apartment, where with other phones I have not had this problem.",0,Amazon
The reception has been generally good.,1,Amazon
"Excellent sound, battery life and inconspicuous to boot!.",1,Amazon
Great bluetooth!.,1,Amazon
I highly recommend this case.,1,Amazon
WORTHWHILE.,1,Amazon
This is a great deal.,1,Amazon
"After my phone got to be about a year old, it's been slowly breaking despite much care on my part.",0,Amazon
I am sorry I made this purchase.,0,Amazon
I bought these hoping I could make my Bluetooth headset fit better but these things made it impossible to wear.,0,Amazon
Treo and T-Mobile refused to replace it again and forced me to buy another phone without any kind of upgrade discount.,0,Amazon
It was horrible!.,0,Amazon
I don't think it would hold it too securly on your belt.,0,Amazon
This allows the possibility of double booking for the same date and time after the first.,0,Amazon
They work about 2 weeks then break.,0,Amazon
It is simple to use and I like it.,1,Amazon
"It's a great tool for entertainment, communication, and data management.Oh, be sure to use ActiveSync 4.2 for optimal data synchronization results!",1,Amazon
I can't use this case because the smell is disgusting.,0,Amazon
NOT WHAT I WANTED.,0,Amazon
I own 2 of these cases and would order another.,1,Amazon
Great Phone.,1,Amazon
I bought this battery with a coupon from Amazon and I'm very happy with my purchase.,1,Amazon
"The internet access was fine, it the rare instance that it worked.",0,Amazon
Perfect for the PS3.,1,Amazon
"Five star Plus, plus.",1,Amazon
A good quality bargain.. I bought this after I bought a cheapy from Big Lots that sounded awful and people on the other end couldn't hear me.,1,Amazon
$50 Down the drain.,0,Amazon
I tried talking real loud but shouting on the telephone gets old and I was still told it wasn't great.,0,Amazon
"Good , works fine.",1,Amazon
For the price this was a great deal.,1,Amazon
"Great price, too!",1,Amazon
"If there is a wind, it is completely useless.",0,Amazon
Yes it's shiny on front side - and I love it!,1,Amazon
Does Not Work.,0,Amazon
"At first I thought I was grtting a good deal at $7.44, until I plugged it into my phone (V3c Razr).",0,Amazon
The reception through this headset is excellent.,1,Amazon
2 thumbs up to this seller,1,Amazon
"I have a Verizon LG phone and they work well together, good reception and range that exceeds 20 feet line of sight.",1,Amazon
Improper description.... I had to return it.,0,Amazon
#1 It Works - #2 It is Comfortable.,1,Amazon
Battery charge-life is quite long.,1,Amazon
The Jabra EarGels fit my ears very well.,1,Amazon
Battery has no life.,0,Amazon
I checked everywhere and there is no feature for it which is really disappointing.,0,Amazon
Product is exactly as described.,1,Amazon
Gets a signal when other Verizon phones won't.,1,Amazon
Doesn't do the job.,0,Amazon
I would recommend it.,1,Amazon
Plan on ordering from them again and again.,1,Amazon
"That being said, for a phone, the camera is very nice; many cool effects to play with, and video is decent as well.",1,Amazon
I have been very satisfied with this cell phone from day one.,1,Amazon
They keep getting better and better (this is my third one and I've had numerous Palms too).,1,Amazon
Awkward to use and unreliable.,0,Amazon
The shipping time was also very quick!,1,Amazon
Not as good as I had hoped.,0,Amazon
Good case!.,1,Amazon
Doesn't Work.,0,Amazon
Really good product.,1,Amazon
Unfortunately it did not work.,0,Amazon
All three broke within two months of use.,0,Amazon
dont buy it.,0,Amazon
"My father has the V265, and the battery is dying.",0,Amazon
"However, the ear pads come off easily and after only one week I lost one.",0,Amazon
"The calls drop, the phone comes on and off at will, the screen goes black and the worst of all it stops ringing intermittently.",0,Amazon
"Horrible, horrible protector.",0,Amazon
I don't like this Nokia either.,0,Amazon
"Reaching for the bottom row is uncomfortable, and the send and end keys are not where I expect them to be.3.",0,Amazon
I have bought this Nokia cell phone a few weeks ago and it was a nightmare.,0,Amazon
It would take too long to describe how bad my customer service experience has been with Amazon.,0,Amazon
the only VERY DISAPPOINTING thing was there was NO SPEAKERPHONE!!!!,0,Amazon
Terrible.. My car will not accept this cassette.,0,Amazon
"Product is useless, since it does not have enough charging current to charge the 2 cellphones I was planning to use it with.",0,Amazon
It's not what it says it is.,0,Amazon
Stay Away From the Q!.,0,Amazon
Used and dirty.,0,Amazon
Very unreliable service from T-mobile !,0,Amazon
Not good enough for the price.,0,Amazon
I bought two of them and neither will charge.,0,Amazon
It looks very nice.,1,Amazon
"This is an excellent tool, especially when paired with your phone's auto-answer.",1,Amazon
I have read other's reviews here but I haven't had any problem with it.,1,Amazon
These products cover up the important light sensor above the ear outlet.,0,Amazon
Comfortable in my hand.,1,Amazon
Just does not work.,0,Amazon
Poor Reliability.,0,Amazon
(It works!),1,Amazon
"If I take a picture, the battery drops a bar, and starts beeping, letting me know its dieing.",0,Amazon
"Terrible product, and waste of money!",0,Amazon
Last time buying from you.,0,Amazon
It was a waste of my money.,0,Amazon
So far it has worked like a charm.,1,Amazon
"I have only had it for a few weeks, but so far, so good.",1,Amazon
"But, in any case, the best part is, you can download these pictures to your laptop using IR, or even send pictures from your laptop to the phone.",1,Amazon
Would recommend this item.,1,Amazon
It's been my choice headset for years.Great sound; good volume; good noise cancellation.,1,Amazon
"Nice case, feels good in your hands.",1,Amazon
The item received was Counterfeit.,0,Amazon
"Just really good.. So far, probably the best BT headset I have ever had.",1,Amazon
Works fine.,1,Amazon
I received my headset in good time and was happy with it.,1,Amazon
I was very pleased to see that I could replace my well travled swivel holster for my Blackberry flip.,1,Amazon
My sister has one also and she loves it.,1,Amazon
Good Quality.,1,Amazon
This is by far the worst purchase I've made on Amazon.,0,Amazon
Excellent dual-purpose headset.,1,Amazon
Excellent!.,1,Amazon
Does not work for listening to music with the cingular 8125.,0,Amazon
"It seems completely secure, both holding on to my belt, and keeping the iPhone inside.",1,Amazon
"The bottowm line...another worthless, cheap gimmick from Sprint.",0,Amazon
Having trouble with volume.,0,Amazon
The only good thing was that it fits comfortably on small ears.,1,Amazon
WARNING - DO NOT BUY!!.,0,Amazon
"I am pairing this with my iphone, and I could not be happier with it so far.",1,Amazon
"When it opens, the battery connection is broken and the device is turned off.",0,Amazon
"I didn't want the clip going over the top of my ear, causing discomfort.",0,Amazon
Best headset ever!!!.,1,Amazon
Don't trust their website and don't expect any helpful support.,0,Amazon
It was that loud.Glad to say that the Plantronics 510 maintains a flawless connection to my cell and with no static during normal use.,1,Amazon
The speaker is of low quality so as making the ring tones sound very cheap.,0,Amazon
"Fits comfortably, came with three sizes of earbud tips.",1,Amazon
Excellent product for the price.,1,Amazon
Bad Reception.,0,Amazon
This product is very High quality Chinese CRAP!!!!!!,0,Amazon
It was quite comfortable in the ear.,1,Amazon
Great phone.,1,Amazon
Don't buy this product - It fails!.,0,Amazon
Everything about this product is wrong.First,0,Amazon
The pairing of the two devices was so easy it barely took a couple minutes before I started making calls with the voice dialing feature.,1,Amazon
"This was utterly confusing at first, which caused me to lose a couple of very, very important contacts.",0,Amazon
Terrible phone holder.,0,Amazon
The cutouts and buttons are placed perfectly.,1,Amazon
I love being able to use one headset for both by land-line and cell.,1,Amazon
Problem is that the ear loops are made of weak material and break easily.,0,Amazon
Not nearly as good looking as the AMAZON picture makes it look.,0,Amazon
"But despite these few flaws, this case is of exceptional quality and well worth the additional costs of owning an official OEM product.",1,Amazon
How stupid is that?,0,Amazon
"I can hear while I'm driving in the car, and usually don't even have to put it on it's loudest setting.",1,Amazon
Seller shipped quickly and much cheaper than the competitors.,1,Amazon
"Good show, Samsung.",1,Amazon
So I bought about 10 of these and saved alot of money.,1,Amazon
It always cuts out and makes a beep beep beep sound then says signal failed.,0,Amazon
Couldn't figure it out,0,Amazon
"My phone sounded OK ( not great - OK), but my wife's phone was almost totally unintelligible, she couldn't understand a word being said on it.",0,Amazon
So I had to take the battery out of the phone put it all back together and then restart it.,0,Amazon
"While I managed to bend the leaf spring back in place, the metal now has enough stress that it will break on the next drop.",0,Amazon
Leopard Print is wonderfully wild!.,1,Amazon
Works for me.,1,Amazon
"Saggy, floppy piece of junk.",0,Amazon
much better than the hard plastic cases.,1,Amazon
It also had a new problem.,0,Amazon
Happy so far!.,1,Amazon
cool phone.,1,Amazon
Works good.,1,Amazon
Motorola finally got the voice quality of a bluetooth headset right.,1,Amazon
It looses connection to the phone even when it is within a couple feet between the two.,0,Amazon
"but it is great, i would really recommend it",1,Amazon
Makes it easier to keep up with my bluetooth when I'm not wearing it.,0,Amazon
As I said above....PRETTY USELESS!,0,Amazon
Never got it!!!!!,0,Amazon
This pair of headphones is the worst that I have ever had sound-wise.,0,Amazon
[...] down the drain because of a weak snap!,0,Amazon
Does not charge the Cingular (ATT) 8525 phone.,0,Amazon
"You get extra minutes so that you can carry out the call and not get cut off.""",1,Amazon
"However, after about a year, the fliptop started to get loose and wobbly and eventually my screen went black and I couldn't receive and place calls.",0,Amazon
I kept catching the cable on the seat and I had to pull the phone out to turn it on an off.,0,Amazon
The headset fulfills my requirements so I am happy with my purchase.,1,Amazon
Logitech Bluetooth Headset is a 10!.,1,Amazon
"I like the fact that it rests lightly against your ear, rather than inside.",1,Amazon
A lot of websites have been rating this a very good phone and so do I.,1,Amazon
I have tried these cables with my computer and my iPod and it works just fine.,1,Amazon
"The mic there is a joke, and the volume is quite low.",0,Amazon
I'm returning them.,0,Amazon
I does not maintain a connection with the computer while it is on my lap.,0,Amazon
It is easy to turn on and off when you are in the car and the volume controls are quite accessable.,1,Amazon
I have had mine for about a year and this Christmas I bought some for the rest of the family.,1,Amazon
"Otherwise, easy to install and use, clear sound.",1,Amazon
nice leather.,1,Amazon
I had to purchase a different case.,0,Amazon
It is a joy to use.,1,Amazon
Very much disappointed with this company.,0,Amazon
Very satisifed with that.,1,Amazon
It didn't charge for me.,0,Amazon
This is the phone to get for 2005.... I just bought my S710a and all I can say is WOW!,1,Amazon
Buttons are too small.,0,Amazon
Just reading on the specs alone makes you say WOW.,1,Amazon
Love it.. Great armband.,1,Amazon
I really like this product over the Motorola because it is allot clearer on the ear piece and the mic.,1,Amazon
"However, the keypads are so tinny that I sometimes reach the wrong buttons.",0,Amazon
I exchanged the sony ericson z500a for this and I'm pretty happy with that decision.,1,Amazon
I was very impressed with the price of the cases.,1,Amazon
Also makes it easier to hold on to.,1,Amazon
"I use this product in a motor control center where there is a lot of high voltage humming from the equipment, and it works great!",1,Amazon
It's pretty easy.,1,Amazon
I cannot make calls at certain places.,0,Amazon
"however, my girl was complain that some time the phone doesn't wake up like normal phone does.",0,Amazon
Beautiful styling though.,1,Amazon
This company charge me a restocking fee and still not given me my refund back.,0,Amazon
I'm trying to return it for a refund.,0,Amazon
I plugged it in only to find out not a darn thing worked.,0,Amazon
Excellent product.,1,Amazon
Earbud piece breaks easily.,0,Amazon
Lousy product.,0,Amazon
This phone tries very hard to do everything but fails at it's very ability to be a phone.,0,Amazon
It is the best charger I have seen on the market yet.,1,Amazon
SWEETEST PHONE!!!,1,Amazon
":-)Oh, the charger seems to work fine.",1,Amazon
It fits so securely that the ear hook does not even need to be used and the sound is better directed through your ear canal.,1,Amazon
Not enough volume.,0,Amazon
Echo Problem....Very unsatisfactory,0,Amazon
you could only take 2 videos at a time and the quality was very poor.,0,Amazon
don't waste your money.,0,Amazon
I am going to have to be the first to negatively review this product.,0,Amazon
Adapter does not provide enough charging current.,0,Amazon
"There was so much hype over this phone that I assumed it was the best, my mistake.",0,Amazon
You also cannot take pictures with it in the case because the lense is covered.,0,Amazon
Phone falls out easily.,0,Amazon
"It didn't work, people can not hear me when I talk.",0,Amazon
The text messaging feature is really tricky to use.,0,Amazon
I'm really disappointed all I have now is a charger that doesn't work.,0,Amazon
Painful on the ear.,0,Amazon
Lasted one day and then blew up.,0,Amazon
disappointed.,0,Amazon
Kind of flops around.,0,Amazon
The screen does get smudged easily because it touches your ear and face.,0,Amazon
What a piece of junk.. I lose more calls on this phone.,0,Amazon
Item Does Not Match Picture.,0,Amazon
The only thing that disappoint me is the infra red port (irda).,0,Amazon
"You can not answer calls with the unit, never worked once!",0,Amazon
Wow... Loved this place.,1,Yelp
Crust is not good.,0,Yelp
Not tasty and the texture was just nasty.,0,Yelp
Stopped by during the late May bank holiday off Rick Steve recommendation and loved it.,1,Yelp
The selection on the menu was great and so were the prices.,1,Yelp
Now I am getting angry and I want my damn pho.,0,Yelp
Honeslty it didn't taste THAT fresh.),0,Yelp
The potatoes were like rubber and you could tell they had been made up ahead of time being kept under a warmer.,0,Yelp
The fries were great too.,1,Yelp
A great touch.,1,Yelp
Service was very prompt.,1,Yelp
Would not go back.,0,Yelp
The cashier had no care what so ever on what I had to say it still ended up being wayyy overpriced.,0,Yelp
"I tried the Cape Cod ravoli, chicken,with cranberry...mmmm!",1,Yelp
I was disgusted because I was pretty sure that was human hair.,0,Yelp
I was shocked because no signs indicate cash only.,0,Yelp
Highly recommended.,1,Yelp
Waitress was a little slow in service.,0,Yelp
"This place is not worth your time, let alone Vegas.",0,Yelp
did not like at all.,0,Yelp
The Burrittos Blah!,0,Yelp
"The food, amazing.",1,Yelp
Service is also cute.,1,Yelp
I could care less... The interior is just beautiful.,1,Yelp
So they performed.,1,Yelp
That's right....the red velvet cake.....ohhh this stuff is so good.,1,Yelp
- They never brought a salad we asked for.,0,Yelp
"This hole in the wall has great Mexican street tacos, and friendly staff.",1,Yelp
"Took an hour to get our food only 4 tables in restaurant my food was Luke warm, Our sever was running around like he was totally overwhelmed.",0,Yelp
The worst was the salmon sashimi.,0,Yelp
"Also there are combos like a burger, fries, and beer for 23 which is a decent deal.",1,Yelp
This was like the final blow!,0,Yelp
I found this place by accident and I could not be happier.,1,Yelp
"seems like a good quick place to grab a bite of some familiar pub food, but do yourself a favor and look elsewhere.",0,Yelp
"Overall, I like this place a lot.",1,Yelp
The only redeeming quality of the restaurant was that it was very inexpensive.,1,Yelp
Ample portions and good prices.,1,Yelp
"Poor service, the waiter made me feel like I was stupid every time he came to the table.",0,Yelp
My first visit to Hiro was a delight!,1,Yelp
Service sucks.,0,Yelp
The shrimp tender and moist.,1,Yelp
There is not a deal good enough that would drag me into that establishment again.,0,Yelp
Hard to judge whether these sides were good because we were grossed out by the melted styrofoam and didn't want to eat it for fear of getting sick.,0,Yelp
"On a positive note, our server was very attentive and provided great service.",1,Yelp
"Frozen pucks of disgust, with some of the worst people behind the register.",0,Yelp
The only thing I did like was the prime rib and dessert section.,1,Yelp
It's too bad the food is so damn generic.,0,Yelp
"The burger is good beef, cooked just right.",1,Yelp
If you want a sandwich just go to any Firehouse!!!!!,1,Yelp
"My side Greek salad with the Greek dressing was so tasty, and the pita and hummus was very refreshing.",1,Yelp
We ordered the duck rare and it was pink and tender on the inside with a nice char on the outside.,1,Yelp
He came running after us when he realized my husband had left his sunglasses on the table.,1,Yelp
Their chow mein is so good!,1,Yelp
"They have horrible attitudes towards customers, and talk down to each one when customers don't enjoy their food.",0,Yelp
The portion was huge!,1,Yelp
"Loved it...friendly servers, great food, wonderful and imaginative menu.",1,Yelp
The Heart Attack Grill in downtown Vegas is an absolutely flat-lined excuse for a restaurant.,0,Yelp
Not much seafood and like 5 strings of pasta at the bottom.,0,Yelp
"The salad had just the right amount of sauce to not over power the scallop, which was perfectly cooked.",1,Yelp
"The ripped banana was not only ripped, but petrified and tasteless.",0,Yelp
At least think to refill my water before I struggle to wave you over for 10 minutes.,0,Yelp
This place receives stars for their APPETIZERS!!!,1,Yelp
The cocktails are all handmade and delicious.,1,Yelp
We'd definitely go back here again.,1,Yelp
We are so glad we found this place.,1,Yelp
"Great food and service, huge portions and they give a military discount.",1,Yelp
Always a great time at Dos Gringos!,1,Yelp
Update.....went back for a second time and it was still just as amazing,1,Yelp
We got the food and apparently they have never heard of salt and the batter on the fish was chewy.,0,Yelp
A great way to finish a great.,1,Yelp
"The deal included 5 tastings and 2 drinks, and Jeff went above and beyond what we expected.",1,Yelp
"- Really, really good rice, all the time.",1,Yelp
The service was meh.,0,Yelp
"It took over 30 min to get their milkshake, which was nothing more than chocolate milk.",0,Yelp
"I guess I should have known that this place would suck, because it is inside of the Excalibur, but I didn't use my common sense.",0,Yelp
The scallop dish is quite appalling for value as well.,0,Yelp
2 times - Very Bad Customer Service !,0,Yelp
The sweet potato fries were very good and seasoned well.,1,Yelp
Today is the second time I've been to their lunch buffet and it was pretty good.,1,Yelp
There is so much good food in Vegas that I feel cheated for wasting an eating opportunity by going to Rice and Company.,0,Yelp
Coming here is like experiencing an underwhelming relationship where both parties can't wait for the other person to ask to break up.,0,Yelp
walked in and the place smelled like an old grease trap and only 2 others there eating.,0,Yelp
The turkey and roast beef were bland.,0,Yelp
This place has it!,1,Yelp
The pan cakes everyone are raving about taste like a sugary disaster tailored to the palate of a six year old.,0,Yelp
I love the Pho and the spring rolls oh so yummy you have to try.,1,Yelp
The poor batter to meat ratio made the chicken tenders very unsatisfying.,0,Yelp
All I have to say is the food was amazing!!!,1,Yelp
Omelets are to die for!,1,Yelp
Everything was fresh and delicious!,1,Yelp
"In summary, this was a largely disappointing dining experience.",0,Yelp
"It's like a really sexy party in your mouth, where you're outrageously flirting with the hottest person at the party.",1,Yelp
"Never been to Hard Rock Casino before, WILL NEVER EVER STEP FORWARD IN IT AGAIN!",0,Yelp
Best breakfast buffet!!!,1,Yelp
say bye bye to your tip lady!,0,Yelp
We'll never go again.,0,Yelp
Will be back again!,1,Yelp
Food arrived quickly!,1,Yelp
It was not good.,0,Yelp
"On the up side, their cafe serves really good food.",1,Yelp
"Our server was fantastic and when he found out the wife loves roasted garlic and bone marrow, he added extra to our meal and another marrow to go!",1,Yelp
"The only good thing was our waiter, he was very helpful and kept the bloddy mary's coming.",1,Yelp
"Best Buffet in town, for the price you cannot beat it.",1,Yelp
"I LOVED their mussels cooked in this wine reduction, the duck was tender, and their potato dishes were delicious.",1,Yelp
This is one of the better buffets that I have been to.,1,Yelp
So we went to Tigerlilly and had a fantastic afternoon!,1,Yelp
"The food was delicious, our bartender was attentive and personable AND we got a great deal!",1,Yelp
The ambience is wonderful and there is music playing.,1,Yelp
Will go back next trip out.,1,Yelp
Sooooo good!!,1,Yelp
"REAL sushi lovers, let's be honest - Yama is not that good.",0,Yelp
"At least 40min passed in between us ordering and the food arriving, and it wasn't that busy.",0,Yelp
This is a really fantastic Thai restaurant which is definitely worth a visit.,1,Yelp
"Nice, spicy and tender.",1,Yelp
Good prices.,1,Yelp
Check it out.,1,Yelp
It was pretty gross!,0,Yelp
I've had better atmosphere.,0,Yelp
Kind of hard to mess up a steak but they did.,0,Yelp
"Although I very much liked the look and sound of this place, the actual experience was a bit disappointing.",0,Yelp
I just don't know how this place managed to served the blandest food I have ever eaten when they are preparing Indian cuisine.,0,Yelp
"Worst service to boot, but that is the least of their worries.",0,Yelp
Service was fine and the waitress was friendly.,1,Yelp
"The guys all had steaks, and our steak loving son who has had steak at the best and worst places said it was the best steak he's ever eaten.",1,Yelp
"We thought you'd have to venture further away to get good sushi, but this place really hit the spot that night.",1,Yelp
"Host staff were, for lack of a better word, BITCHES!",0,Yelp
Bland... Not a liking this place for a number of reasons and I don't want to waste time on bad reviewing.. I'll leave it at that...,0,Yelp
"Phenomenal food, service and ambiance.",1,Yelp
I wouldn't return.,0,Yelp
"Definitely worth venturing off the strip for the pork belly, will return next time I'm in Vegas.",1,Yelp
This place is way too overpriced for mediocre food.,0,Yelp
Penne vodka excellent!,1,Yelp
"They have a good selection of food including a massive meatloaf sandwich, a crispy chicken wrap, a delish tuna melt and some tasty burgers.",1,Yelp
The management is rude.,0,Yelp
"Delicious NYC bagels, good selections of cream cheese, real Lox with capers even.",1,Yelp
"Great Subway, in fact it's so good when you come here every other Subway will not meet your expectations.",1,Yelp
I had a seriously solid breakfast here.,1,Yelp
This is one of the best bars with food in Vegas.,1,Yelp
"He was extremely rude and really, there are so many other restaurants I would love to dine at during a weekend in Vegas.",0,Yelp
My drink was never empty and he made some really great menu suggestions.,1,Yelp
Don't do it!!!!,0,Yelp
The waiter wasn't helpful or friendly and rarely checked on us.,0,Yelp
My husband and I ate lunch here and were very disappointed with the food and service.,0,Yelp
And the red curry had so much bamboo shoots and wasn't very tasty to me.,0,Yelp
Nice blanket of moz over top but i feel like this was done to cover up the subpar food.,1,Yelp
The bathrooms are clean and the place itself is well decorated.,1,Yelp
"The menu is always changing, food quality is going down & service is extremely slow.",0,Yelp
"The service was a little slow , considering that were served by 3 people servers so the food was coming in a slow pace.",0,Yelp
I give it 2 thumbs down,0,Yelp
We watched our waiter pay a lot more attention to other tables and ignore us.,0,Yelp
My fiancé and I came in the middle of the day and we were greeted and seated right away.,1,Yelp
This is a great restaurant at the Mandalay Bay.,1,Yelp
We waited for forty five minutes in vain.,0,Yelp
Crostini that came with the salad was stale.,0,Yelp
Some highlights : Great quality nigiri here!,1,Yelp
the staff is friendly and the joint is always clean.,1,Yelp
this was a different cut than the piece the other day but still wonderful and tender s well as well flavored.,1,Yelp
I ordered the Voodoo pasta and it was the first time I'd had really excellent pasta since going gluten free several years ago.,1,Yelp
this place is good.,1,Yelp
"Unfortunately, we must have hit the bakery on leftover day because everything we ordered was STALE.",0,Yelp
I came back today since they relocated and still not impressed.,0,Yelp
I was seated immediately.,1,Yelp
"Their menu is diverse, and reasonably priced.",1,Yelp
Avoid at all cost!,0,Yelp
Restaurant is always full but never a wait.,1,Yelp
DELICIOUS!!,1,Yelp
This place is hands-down one of the best places to eat in the Phoenix metro area.,1,Yelp
So don't go there if you are looking for good food...,0,Yelp
I've never been treated so bad.,0,Yelp
Bacon is hella salty.,1,Yelp
We also ordered the spinach and avocado salad; the ingredients were sad and the dressing literally had zero taste.,0,Yelp
"This really is how Vegas fine dining used to be, right down to the menus handed to the ladies that have no prices listed.",1,Yelp
The waitresses are very friendly.,1,Yelp
"Lordy, the Khao Soi is a dish that is not to be missed for curry lovers!",1,Yelp
Everything on the menu is terrific and we were also thrilled that they made amazing accommodations for our vegetarian daughter.,1,Yelp
"Perhaps I caught them on an off night judging by the other reviews, but I'm not inspired to go back.",0,Yelp
The service here leaves a lot to be desired.,0,Yelp
"The atmosphere is modern and hip, while maintaining a touch of coziness.",1,Yelp
"Not a weekly haunt, but definitely a place to come back to every once in a while.",1,Yelp
We literally sat there for 20 minutes with no one asking to take our order.,0,Yelp
"The burger had absolutely no flavor - the meat itself was totally bland, the burger was overcooked and there was no charcoal flavor.",0,Yelp
I also decided not to send it back because our waitress looked like she was on the verge of having a heart attack.,0,Yelp
I dressed up to be treated so rudely!,0,Yelp
It was probably dirt.,0,Yelp
"Love this place, hits the spot when I want something healthy but not lacking in quantity or flavor.",1,Yelp
I ordered the Lemon raspberry ice cocktail which was also incredible.,1,Yelp
"The food sucked, which we expected but it sucked more than we could have imagined.",0,Yelp
Interesting decor.,1,Yelp
What I really like there is the crepe station.,1,Yelp
"Also were served hot bread and butter, and home made potato chips with bacon bits on top....very original and very good.",1,Yelp
you can watch them preparing the delicious food!),1,Yelp
Both of the egg rolls were fantastic.,1,Yelp
"When my order arrived, one of the gyros was missing.",0,Yelp
"I had a salad with the wings, and some ice cream for dessert and left feeling quite satisfied.",1,Yelp
I'm not really sure how Joey's was voted best hot dog in the Valley by readers of Phoenix Magazine.,0,Yelp
The best place to go for a tasty bowl of Pho!,1,Yelp
The live music on Fridays totally blows.,0,Yelp
I've never been more insulted or felt disrespected.,0,Yelp
Very friendly staff.,1,Yelp
It is worth the drive.,1,Yelp
"I had heard good things about this place, but it exceeding every hope I could have dreamed of.",1,Yelp
Food was great and so was the serivce!,1,Yelp
The warm beer didn't help.,0,Yelp
Great brunch spot.,1,Yelp
Service is friendly and inviting.,1,Yelp
Very good lunch spot.,1,Yelp
I've lived here since 1979 and this was the first (and last) time I've stepped foot into this place.,0,Yelp
The WORST EXPERIENCE EVER.,0,Yelp
Must have been an off night at this place.,0,Yelp
"The sides are delish - mixed mushrooms, yukon gold puree, white corn - beateous.",1,Yelp
"If that bug never showed up I would have given a 4 for sure, but on the other side of the wall where this bug was climbing was the kitchen.",0,Yelp
"For about 10 minutes, we we're waiting for her salad when we realized that it wasn't coming any time soon.",0,Yelp
My friend loved the salmon tartar.,1,Yelp
Won't go back.,0,Yelp
Extremely Tasty!,1,Yelp
Waitress was good though!,1,Yelp
Soggy and not good.,0,Yelp
The Jamaican mojitos are delicious.,1,Yelp
Which are small and not worth the price.,0,Yelp
- the food is rich so order accordingly.,1,Yelp
"The shower area is outside so you can only rinse, not take a full shower, unless you don't mind being nude for everyone to see!",0,Yelp
The service was a bit lacking.,0,Yelp
"Lobster Bisque, Bussell Sprouts, Risotto, Filet ALL needed salt and pepper..and of course there is none at the tables.",0,Yelp
Hopefully this bodes for them going out of business and someone who can cook can come in.,0,Yelp
"It was either too cold, not enough flavor or just bad.",0,Yelp
I loved the bacon wrapped dates.,1,Yelp
This is an unbelievable BARGAIN!,1,Yelp
The folks at Otto always make us feel so welcome and special.,1,Yelp
"As for the ""mains,"" also uninspired.",0,Yelp
This is the place where I first had pho and it was amazing!!,1,Yelp
This wonderful experience made this place a must-stop whenever we are in town again.,1,Yelp
"If the food isn't bad enough for you, then enjoy dealing with the world's worst/annoying drunk people.",0,Yelp
Very very fun chef.,1,Yelp
"Ordered a double cheeseburger & got a single patty that was falling apart (picture uploaded) Yeah, still sucks.",0,Yelp
Great place to have a couple drinks and watch any and all sporting events as the walls are covered with TV's.,1,Yelp
"If it were possible to give them zero stars, they'd have it.",0,Yelp
"The descriptions said ""yum yum sauce"" and another said ""eel sauce"", yet another said ""spicy mayo""...well NONE of the rolls had sauces on them.",0,Yelp
"I'd say that would be the hardest decision... Honestly, all of M's dishes taste how they are supposed to taste (amazing).",1,Yelp
If she had not rolled the eyes we may have stayed... Not sure if we will go back and try it again.,0,Yelp
"Everyone is very attentive, providing excellent customer service.",1,Yelp
Horrible - don't waste your time and money.,0,Yelp
Now this dish was quite flavourful.,1,Yelp
By this time our side of the restaurant was almost empty so there was no excuse.,0,Yelp
"(It wasn't busy either) Also, the building was FREEZING cold.",0,Yelp
"like the other reviewer said ""you couldn't pay me to eat at this place again.""",0,Yelp
-Drinks took close to 30 minutes to come out at one point.,0,Yelp
"Seriously flavorful delights, folks.",1,Yelp
Much better than the other AYCE sushi place I went to in Vegas.,1,Yelp
The lighting is just dark enough to set the mood.,1,Yelp
Based on the sub-par service I received and no effort to show their gratitude for my business I won't be going back.,0,Yelp
Owner's are really great people.!,1,Yelp
There is nothing privileged about working/eating there.,0,Yelp
The Greek dressing was very creamy and flavorful.,1,Yelp
"Overall, I don't think that I would take my parents to this place again because they made most of the similar complaints that I silently felt too.",0,Yelp
Now the pizza itself was good the peanut sauce was very tasty.,1,Yelp
We had 7 at our table and the service was pretty fast.,1,Yelp
Fantastic service here.,1,Yelp
I as well would've given godfathers zero stars if possible.,0,Yelp
They know how to make them here.,1,Yelp
very tough and very short on flavor!,0,Yelp
I hope this place sticks around.,1,Yelp
"I have been in more than a few bars in Vegas, and do not ever recall being charged for tap water.",0,Yelp
The restaurant atmosphere was exquisite.,1,Yelp
"Good service, very clean, and inexpensive, to boot!",1,Yelp
The seafood was fresh and generous in portion.,1,Yelp
"Plus, it's only 8 bucks.",1,Yelp
"The service was not up to par, either.",0,Yelp
"Thus far, have only visited twice and the food was absolutely delicious each time.",1,Yelp
Just as good as when I had it more than a year ago!,1,Yelp
"For a self proclaimed coffee cafe, I was wildly disappointed.",0,Yelp
The Veggitarian platter is out of this world!,1,Yelp
You cant go wrong with any of the food here.,1,Yelp
You can't beat that.,1,Yelp
"Stopped by this place while in Madison for the Ironman, very friendly, kind staff.",1,Yelp
The chefs were friendly and did a good job.,1,Yelp
"I've had better, not only from dedicated boba tea spots, but even from Jenni Pho.",0,Yelp
I liked the patio and the service was outstanding.,1,Yelp
The goat taco didn't skimp on the meat and wow what FLAVOR!,1,Yelp
I think not again,0,Yelp
I had the mac salad and it was pretty bland so I will not be getting that again.,0,Yelp
I went to Bachi Burger on a friend's recommendation and was not disappointed.,1,Yelp
Service stinks here!,0,Yelp
I waited and waited.,0,Yelp
"This place is not quality sushi, it is not a quality restaurant.",0,Yelp
I would definitely recommend the wings as well as the pizza.,1,Yelp
Great Pizza and Salads!,1,Yelp
Things that went wrong: - They burned the saganaki.,0,Yelp
We waited an hour for what was a breakfast I could have done 100 times better at home.,0,Yelp
This place is amazing!,1,Yelp
"I hate to disagree with my fellow Yelpers, but my husband and I were so disappointed with this place.",0,Yelp
Waited 2 hours & never got either of our pizzas as many other around us who came in later did!,0,Yelp
Just don't know why they were so slow.,0,Yelp
"The staff is great, the food is delish, and they have an incredible beer selection.",1,Yelp
"I live in the neighborhood so I am disappointed I won't be back here, because it is a convenient location.",0,Yelp
I didn't know pulled pork could be soooo delicious.,1,Yelp
"You get incredibly fresh fish, prepared with care.",1,Yelp
Before I go in to why I gave a 1 star rating please know that this was my third time eating at Bachi burger before writing a review.,0,Yelp
I love the fact that everything on their menu is worth it.,1,Yelp
Never again will I be dining at this place!,0,Yelp
The food was excellent and service was very good.,1,Yelp
Good beer & drink selection and good food selection.,1,Yelp
Please stay away from the shrimp stir fried noodles.,0,Yelp
The potato chip order was sad... I could probably count how many chips were in that box and it was probably around 12.,0,Yelp
Food was really boring.,0,Yelp
Good Service-check!,1,Yelp
This greedy corporation will NEVER see another dime from me!,0,Yelp
"Will never, ever go back.",0,Yelp
"As much as I'd like to go back, I can't get passed the atrocious service and will never return.",0,Yelp
"In the summer, you can dine in a charming outdoor patio - so very delightful.",1,Yelp
I did not expect this to be so good!,1,Yelp
Fantastic food!,1,Yelp
She ordered a toasted English muffin that came out untoasted.,0,Yelp
The food was very good.,1,Yelp
Never going back.,0,Yelp
"Great food for the price, which is very high quality and house made.",1,Yelp
The bus boy on the other hand was so rude.,0,Yelp
"By this point, my friends and I had basically figured out this place was a joke and didn't mind making it publicly and loudly known.",0,Yelp
"Back to good BBQ, lighter fare, reasonable pricing and tell the public they are back to the old ways.",1,Yelp
"And considering the two of us left there very full and happy for about $20, you just can't go wrong.",1,Yelp
All the bread is made in-house!,1,Yelp
The only downside is the service.,0,Yelp
"Also, the fries are without a doubt the worst fries I've ever had.",0,Yelp
Service was exceptional and food was a good as all the reviews.,1,Yelp
"A couple of months later, I returned and had an amazing meal.",1,Yelp
Favorite place in town for shawarrrrrrma!!!!!!,1,Yelp
The black eyed peas and sweet potatoes... UNREAL!,1,Yelp
You won't be disappointed.,1,Yelp
"They could serve it with just the vinaigrette and it may make for a better overall dish, but it was still very good.",1,Yelp
"I go to far too many places and I've never seen any restaurant that serves a 1 egg breakfast, especially for $4.00.",0,Yelp
When my mom and I got home she immediately got sick and she only had a few bites of salad.,0,Yelp
The servers are not pleasant to deal with and they don't always honor Pizza Hut coupons.,0,Yelp
"Both of them were truly unbelievably good, and I am so glad we went back.",1,Yelp
"We had fantastic service, and were pleased by the atmosphere.",1,Yelp
Everything was gross.,0,Yelp
I love this place.,1,Yelp
Great service and food.,1,Yelp
First - the bathrooms at this location were dirty- Seat covers were not replenished & just plain yucky!!!,0,Yelp
"The burger... I got the ""Gold Standard"" a $17 burger and was kind of disappointed.",0,Yelp
"OMG, the food was delicioso!",1,Yelp
There is nothing authentic about this place.,0,Yelp
the spaghetti is nothing special whatsoever.,0,Yelp
"Of all the dishes, the salmon was the best, but all were great.",1,Yelp
The vegetables are so fresh and the sauce feels like authentic Thai.,1,Yelp
It's worth driving up from Tucson!,1,Yelp
The selection was probably the worst I've seen in Vegas.....there was none.,0,Yelp
Pretty good beer selection too.,1,Yelp
"This place is like Chipotle, but BETTER.",1,Yelp
"Classy/warm atmosphere, fun and fresh appetizers, succulent steaks (Baseball steak!!!!!",1,Yelp
5 stars for the brick oven bread app!,1,Yelp
"I have eaten here multiple times, and each time the food was delicious.",1,Yelp
We sat another ten minutes and finally gave up and left.,0,Yelp
He was terrible!,0,Yelp
Everyone is treated equally special.,1,Yelp
It shouldn't take 30 min for pancakes and eggs.,0,Yelp
It was delicious!!!,1,Yelp
"On the good side, the staff was genuinely pleasant and enthusiastic - a real treat.",1,Yelp
"Sadly, Gordon Ramsey's Steak is a place we shall sharply avoid during our next trip to Vegas.",0,Yelp
As always the evening was wonderful and the food delicious!,1,Yelp
Best fish I've ever had in my life!,1,Yelp
(The bathroom is just next door and very nice.),1,Yelp
The buffet is small and all the food they offered was BLAND.,0,Yelp
This is an Outstanding little restaurant with some of the Best Food I have ever tasted.,1,Yelp
Pretty cool I would say.,1,Yelp
Definitely a turn off for me & i doubt I'll be back unless someone else is buying.,0,Yelp
Server did a great job handling our large rowdy table.,1,Yelp
"I find wasting food to be despicable, but this just wasn't food.",0,Yelp
My wife had the Lobster Bisque soup which was lukewarm.,0,Yelp
Would come back again if I had a sushi craving while in Vegas.,1,Yelp
"The staff are great, the ambiance is great.",1,Yelp
He deserves 5 stars.,1,Yelp
I left with a stomach ache and felt sick the rest of the day.,0,Yelp
They dropped more than the ball.,0,Yelp
"The dining space is tiny, but elegantly decorated and comfortable.",1,Yelp
"They will customize your order any way you'd like, my usual is Eggplant with Green Bean stir fry, love it!",1,Yelp
And the beans and rice were mediocre at best.,0,Yelp
Best tacos in town by far!!,1,Yelp
I took back my money and got outta there.,0,Yelp
"In an interesting part of town, this place is amazing.",1,Yelp
RUDE & INCONSIDERATE MANAGEMENT.,0,Yelp
"The staff are now not as friendly, the wait times for being served are horrible, no one even says hi for the first 10 minutes.",0,Yelp
I won't be back.,0,Yelp
They have great dinners.,1,Yelp
The service was outshining & I definitely recommend the Halibut.,1,Yelp
The food was terrible.,0,Yelp
WILL NEVER EVER GO BACK AND HAVE TOLD MANY PEOPLE WHAT HAD HAPPENED.,0,Yelp
I don't recommend unless your car breaks down in front of it and you are starving.,0,Yelp
I will come back here every time I'm in Vegas.,1,Yelp
This place deserves one star and 90% has to do with the food.,0,Yelp
This is a disgrace.,0,Yelp
Def coming back to bowl next time,1,Yelp
"If you want healthy authentic or ethic food, try this place.",1,Yelp
I will continue to come here on ladies night andddd date night ... highly recommend this place to anyone who is in the area (;,1,Yelp
"I have been here several times in the past, and the experience has always been great.",1,Yelp
We walked away stuffed and happy about our first Vegas buffet experience.,1,Yelp
Service was excellent and prices are pretty reasonable considering this is Vegas and located inside the Crystals shopping mall by Aria.,1,Yelp
"To summarize... the food was incredible, nay, transcendant... but nothing brings me joy quite like the memory of the pneumatic condiment dispenser.",1,Yelp
I'm probably one of the few people to ever go to Ians and not like it.,0,Yelp
Kids pizza is always a hit too with lots of great side dish options for the kiddos!,1,Yelp
Service is perfect and the family atmosphere is nice to see.,1,Yelp
Cooked to perfection and the service was impeccable.,1,Yelp
This one is simply a disappointment.,0,Yelp
"Overall, I was very disappointed with the quality of food at Bouchon.",0,Yelp
I don't have to be an accountant to know I'm getting screwed!,0,Yelp
"Great place to eat, reminds me of the little mom and pop shops in the San Francisco Bay Area.",1,Yelp
Today was my first taste of a Buldogis Gourmet Hot Dog and I have to tell you it was more than I ever thought possible.,1,Yelp
Left very frustrated.,0,Yelp
I'll definitely be in soon again.,1,Yelp
Food was really good and I got full petty fast.,1,Yelp
Service was fantastic.,1,Yelp
TOTAL WASTE OF TIME.,0,Yelp
I don't know what kind it is but they have the best iced tea.,1,Yelp
"Come hungry, leave happy and stuffed!",1,Yelp
"For service, I give them no stars.",0,Yelp
I can assure you that you won't be disappointed.,1,Yelp
I can take a little bad service but the food sucks.,0,Yelp
Gave up trying to eat any of the crust (teeth still sore).,0,Yelp
But now I was completely grossed out.,0,Yelp
I really enjoyed eating here.,1,Yelp
First time going but I think I will quickly become a regular.,1,Yelp
"Our server was very nice, and even though he looked a little overwhelmed with all of our needs, he stayed professional and friendly until the end.",1,Yelp
From what my dinner companions told me...everything was very fresh with nice texture and taste.,1,Yelp
"On the ground, right next to our table was a large, smeared, been-stepped-in-and-tracked-everywhere pile of green bird poop.",0,Yelp
"Furthermore, you can't even find hours of operation on the website!",0,Yelp
We've tried to like this place but after 10+ times I think we're done with them.,0,Yelp
What a mistake that was!,0,Yelp
No complaints!,1,Yelp
This is some seriously good pizza and I'm an expert/connisseur on the topic.,1,Yelp
Waiter was a jerk.,0,Yelp
"Strike 2, who wants to be rushed.",0,Yelp
These are the nicest restaurant owners I've ever come across.,1,Yelp
I never come again.,0,Yelp
We loved the biscuits!!!,1,Yelp
Service is quick and friendly.,1,Yelp
Ordered an appetizer and took 40 minutes and then the pizza another 10 minutes.,0,Yelp
So absolutley fantastic.,1,Yelp
It was a huge awkward 1.5lb piece of cow that was 3/4ths gristle and fat.,0,Yelp
definitely will come back here again.,1,Yelp
I like Steiners because it's dark and it feels like a bar.,1,Yelp
Wow very spicy but delicious.,1,Yelp
"If you're not familiar, check it out.",1,Yelp
I'll take my business dinner dollars elsewhere.,0,Yelp
I'd love to go back.,1,Yelp
"Anyway, this FS restaurant has a wonderful breakfast/lunch.",1,Yelp
Nothing special.,0,Yelp
Each day of the week they have a different deal and it's all so delicious!,1,Yelp
"Not to mention the combination of pears, almonds and bacon is a big winner!",1,Yelp
Will not be back.,0,Yelp
Sauce was tasteless.,0,Yelp
"The food is delicious and just spicy enough, so be sure to ask for spicier if you prefer it that way.",1,Yelp
My ribeye steak was cooked perfectly and had great mesquite flavor.,1,Yelp
I don't think we'll be going back anytime soon.,0,Yelp
Food was so gooodd.,1,Yelp
I am far from a sushi connoisseur but I can definitely tell the difference between good food and bad food and this was certainly bad food.,0,Yelp
I was so insulted.,0,Yelp
The last 3 times I had lunch here has been bad.,0,Yelp
The chicken wings contained the driest chicken meat I have ever eaten.,0,Yelp
"The food was very good and I enjoyed every mouthful, an enjoyable relaxed venue for couples small family groups etc.",1,Yelp
Nargile - I think you are great.,1,Yelp
Best tater tots in the southwest.,1,Yelp
We loved the place.,1,Yelp
Definitely not worth the $3 I paid.,0,Yelp
The vanilla ice cream was creamy and smooth while the profiterole (choux) pastry was fresh enough.,1,Yelp
Im in AZ all the time and now have my new spot.,1,Yelp
The manager was the worst.,0,Yelp
The inside is really quite nice and very clean.,1,Yelp
The food was outstanding and the prices were very reasonable.,1,Yelp
I don't think I'll be running back to Carly's anytime soon for food.,0,Yelp
"This is was due to the fact that it took 20 minutes to be acknowledged, then another 35 minutes to get our food...and they kept forgetting things.",0,Yelp
"Love the margaritas, too!",1,Yelp
This was my first and only Vegas buffet and it did not disappoint.,1,Yelp
"Very good, though!",1,Yelp
The one down note is the ventilation could use some upgrading.,0,Yelp
Great pork sandwich.,1,Yelp
Don't waste your time here.,0,Yelp
"Total letdown, I would much rather just go to the Camelback Flower Shop and Cartel Coffee.",0,Yelp
"Third, the cheese on my friend's burger was cold.",0,Yelp
We enjoy their pizza and brunch.,1,Yelp
The steaks are all well trimmed and also perfectly cooked.,1,Yelp
We had a group of 70+ when we claimed we would only have 40 and they handled us beautifully.,1,Yelp
I LOVED it!,1,Yelp
We asked for the bill to leave without eating and they didn't bring that either.,0,Yelp
"This place is a jewel in Las Vegas, and exactly what I've been hoping to find in nearly ten years living here.",1,Yelp
Seafood was limited to boiled shrimp and crab legs but the crab legs definitely did not taste fresh.,0,Yelp
The selection of food was not the best.,0,Yelp
Delicious and I will absolutely be back!,1,Yelp
"This isn't a small family restaurant, this is a fine dining establishment.",1,Yelp
They had a toro tartare with a cavier that was extraordinary and I liked the thinly sliced wagyu with white truffle.,1,Yelp
I dont think I will be back for a very long time.,0,Yelp
"It was attached to a gas station, and that is rarely a good sign.",0,Yelp
How awesome is that.,1,Yelp
I will be back many times soon.,1,Yelp
The menu had so much good stuff on it i could not decide!,1,Yelp
"Worse of all, he humiliated his worker right in front of me..Bunch of horrible name callings.",0,Yelp
CONCLUSION: Very filling meals.,1,Yelp
Their daily specials are always a hit with my group.,1,Yelp
And then tragedy struck.,0,Yelp
The pancake was also really good and pretty large at that.,1,Yelp
"This was my first crawfish experience, and it was delicious!",1,Yelp
Their monster chicken fried steak and eggs is my all time favorite.,1,Yelp
Waitress was sweet and funny.,1,Yelp
"I also had to taste my Mom's multi-grain pumpkin pancakes with pecan butter and they were amazing, fluffy, and delicious!",1,Yelp
"I'd rather eat airline food, seriously.",0,Yelp
Cant say enough good things about this place.,1,Yelp
The ambiance was incredible.,1,Yelp
The waitress and manager are so friendly.,1,Yelp
I would not recommend this place.,0,Yelp
Overall I wasn't very impressed with Noca.,0,Yelp
My gyro was basically lettuce only.,0,Yelp
Terrible service!,0,Yelp
Thoroughly disappointed!,0,Yelp
"I don't each much pasta, but I love the homemade /hand made pastas and thin pizzas here.",1,Yelp
"Give it a try, you will be happy you did.",1,Yelp
By far the BEST cheesecurds we have ever had!,1,Yelp
Reasonably priced also!,1,Yelp
Everything was perfect the night we were in.,1,Yelp
The food is very good for your typical bar food.,1,Yelp
it was a drive to get there.,0,Yelp
"At first glance it is a lovely bakery cafe - nice ambiance, clean, friendly staff.",1,Yelp
"Anyway, I do not think i will go back there.",0,Yelp
"Point your finger at any item on the menu, order it and you won't be disappointed.",1,Yelp
"Oh this is such a thing of beauty, this restaurant.",1,Yelp
If you haven't gone here GO NOW!,1,Yelp
"A greasy, unhealthy meal.",0,Yelp
first time there and might just be the last.,0,Yelp
Those burgers were amazing.,1,Yelp
"Similarly, the delivery man did not say a word of apology when our food was 45 minutes late.",0,Yelp
And it was way to expensive.,0,Yelp
"Be sure to order dessert, even if you need to pack it to-go - the tiramisu and cannoli are both to die for.",1,Yelp
This was my first time and I can't wait until the next.,1,Yelp
The bartender was also nice.,1,Yelp
Everything was good and tasty!,1,Yelp
This place is two thumbs up....way up.,1,Yelp
"The best place in Vegas for breakfast (just check out a Sat, or Sun.",1,Yelp
"If you love authentic Mexican food and want a whole bunch of interesting, yet delicious meats to choose from, you need to try this place.",1,Yelp
Terrible management.,0,Yelp
An excellent new restaurant by an experienced Frenchman.,1,Yelp
If there were zero stars I would give it zero stars.,0,Yelp
"Great steak, great sides, great wine, amazing desserts.",1,Yelp
Worst martini ever!,0,Yelp
The steak and the shrimp are in my opinion the best entrees at GC.,1,Yelp
I had the opportunity today to sample your amazing pizzas!,1,Yelp
We waited for thirty minutes to be seated (although there were 8 vacant tables and we were the only folks waiting).,0,Yelp
The yellowtail carpaccio was melt in your mouth fresh.,1,Yelp
I won't try going back there even if it's empty.,0,Yelp
"No, I'm going to eat the potato that I found some strangers hair in it.",0,Yelp
Just spicy enough.. Perfect actually.,1,Yelp
Last night was my second time dining here and I was so happy I decided to go back!,1,Yelp
"not even a ""hello, we will be right with you.""",0,Yelp
The desserts were a bit strange.,0,Yelp
My boyfriend and I came here for the first time on a recent trip to Vegas and could not have been more pleased with the quality of food and service.,1,Yelp
"I really do recommend this place, you can go wrong with this donut place!",1,Yelp
Nice ambiance.,1,Yelp
I would recommend saving room for this!,1,Yelp
I guess maybe we went on an off night but it was disgraceful.,0,Yelp
"However, my recent experience at this particular location was not so good.",0,Yelp
"I know this is not like the other restaurants at all, something is very off here!",0,Yelp
AVOID THIS ESTABLISHMENT!,0,Yelp
I think this restaurant suffers from not trying hard enough.,0,Yelp
All of the tapas dishes were delicious!,1,Yelp
I *heart* this place.,1,Yelp
My salad had a bland vinegrette on the baby greens and hearts of Palm.,0,Yelp
After two I felt disgusting.,0,Yelp
A good time!,1,Yelp
I believe that this place is a great stop for those with a huge belly and hankering for sushi.,1,Yelp
Generous portions and great taste.,1,Yelp
I will never go back to this place and will never ever recommended this place to anyone!,0,Yelp
"The servers went back and forth several times, not even so much as an ""Are you being helped?""",0,Yelp
Food was delicious!,1,Yelp
AN HOUR... seriously?,0,Yelp
I consider this theft.,0,Yelp
Eew... This location needs a complete overhaul.,0,Yelp
We recently witnessed her poor quality of management towards other guests as well.,0,Yelp
Waited and waited and waited.,0,Yelp
"He also came back to check on us regularly, excellent service.",1,Yelp
Our server was super nice and checked on us many times.,1,Yelp
"The pizza tasted old, super chewy in not a good way.",0,Yelp
I swung in to give them a try but was deeply disappointed.,0,Yelp
Service was good and the company was better!,1,Yelp
The staff are also very friendly and efficient.,1,Yelp
"As for the service: I'm a fan, because it's quick and you're being served by some nice folks.",1,Yelp
Boy was that sucker dry!!.,0,Yelp
Over rated.,0,Yelp
"If you look for authentic Thai food, go else where.",0,Yelp
Their steaks are 100% recommended!,1,Yelp
After I pulled up my car I waited for another 15 minutes before being acknowledged.,0,Yelp
Great food and great service in a clean and friendly setting.,1,Yelp
"All in all, I can assure you I'll be back.",1,Yelp
I hate those things as much as cheap quality black olives.,0,Yelp
"My breakfast was perpared great, with a beautiful presentation of 3 giant slices of Toast, lightly dusted with powdered sugar.",1,Yelp
The kids play area is NASTY!,0,Yelp
Great place fo take out or eat in.,1,Yelp
The waitress was friendly and happy to accomodate for vegan/veggie options.,1,Yelp
OMG I felt like I had never eaten Thai food until this dish.,1,Yelp
"It was extremely ""crumby"" and pretty tasteless.",0,Yelp
It was a pale color instead of nice and char and has NO flavor.,0,Yelp
The croutons also taste homemade which is an extra plus.,1,Yelp
I got home to see the driest damn wings ever!,0,Yelp
It'll be a regular stop on my trips to Phoenix!,1,Yelp
I really enjoyed Crema Café before they expanded; I even told friends they had the BEST breakfast.,1,Yelp
Not good for the money.,0,Yelp
I miss it and wish they had one in Philadelphia!,1,Yelp
"We got sitting fairly fast, but, ended up waiting 40 minutes just to place our order, another 30 minutes before the food arrived.",0,Yelp
They also have the best cheese crisp in town.,1,Yelp
"Good value, great food, great service.",1,Yelp
Couldn't ask for a more satisfying meal.,1,Yelp
The food is good.,1,Yelp
It was awesome.,1,Yelp
I just wanted to leave.,0,Yelp
We made the drive all the way from North Scottsdale... and I was not one bit disappointed!,1,Yelp
I will not be eating there again.,0,Yelp
!....THE OWNERS REALLY REALLY need to quit being soooooo cheap let them wrap my freaking sandwich in two papers not one!,0,Yelp
I checked out this place a couple years ago and was not impressed.,0,Yelp
"The chicken I got was definitely reheated and was only ok, the wedges were cold and soggy.",0,Yelp
"Sorry, I will not be getting food from here anytime soon :(",0,Yelp
An absolute must visit!,1,Yelp
The cow tongue and cheek tacos are amazing.,1,Yelp
My friend did not like his Bloody Mary.,0,Yelp
"Despite how hard I rate businesses, its actually rare for me to give a 1 star.",0,Yelp
They really want to make your experience a good one.,1,Yelp
I will not return.,0,Yelp
I had the chicken Pho and it tasted very bland.,0,Yelp
Very disappointing!!!,0,Yelp
The grilled chicken was so tender and yellow from the saffron seasoning.,1,Yelp
"a drive thru means you do not want to wait around for half an hour for your food, but somehow when we end up going here they make us wait and wait.",0,Yelp
Pretty awesome place.,1,Yelp
Ambience is perfect.,1,Yelp
Best of luck to the rude and non-customer service focused new management.,0,Yelp
Any grandmother can make a roasted chicken better than this one.,0,Yelp
I asked multiple times for the wine list and after some time of being ignored I went to the hostess and got one myself.,0,Yelp
"The staff is always super friendly and helpful, which is especially cool when you bring two small boys and a baby!",1,Yelp
Four stars for the food & the guy in the blue shirt for his great vibe & still letting us in to eat !,1,Yelp
The roast beef sandwich tasted really good!,1,Yelp
"Same evening, him and I are both drastically sick.",0,Yelp
High-quality chicken on the chicken Caesar salad.,1,Yelp
Ordered burger rare came in we'll done.,0,Yelp
We were promptly greeted and seated.,1,Yelp
Tried to go here for lunch and it was a madhouse.,0,Yelp
"I was proven dead wrong by this sushi bar, not only because the quality is great, but the service is fast and the food, impeccable.",1,Yelp
"After waiting an hour and being seated, I was not in the greatest of moods.",0,Yelp
This is a good joint.,1,Yelp
The Macarons here are insanely good.,1,Yelp
I'm not eating here!,0,Yelp
"Our waiter was very attentive, friendly, and informative.",1,Yelp
Maybe if they weren't cold they would have been somewhat edible.,0,Yelp
This place has a lot of promise but fails to deliver.,0,Yelp
Very bad Experience!,0,Yelp
What a mistake.,0,Yelp
Food was average at best.,0,Yelp
Great food.,1,Yelp
We won't be going back anytime soon!,0,Yelp
Very Very Disappointed ordered the $35 Big Bay Plater.,0,Yelp
Great place to relax and have an awesome burger and beer.,1,Yelp
It is PERFECT for a sit-down family meal or get together with a few friends.,1,Yelp
"Not much flavor to them, and very poorly constructed.",0,Yelp
The patio seating was very comfortable.,1,Yelp
The fried rice was dry as well.,0,Yelp
Hands down my favorite Italian restaurant!,1,Yelp
"That just SCREAMS ""LEGIT"" in my book...somethat's also pretty rare here in Vegas.",1,Yelp
It was just not a fun experience.,1,Yelp
The atmosphere was great with a lovely duo of violinists playing songs we requested.,1,Yelp
"I personally love the hummus, pita, baklava, falafels and Baba Ganoush (it's amazing what they do with eggplant!).",1,Yelp
"Very convenient, since we were staying at the MGM!",1,Yelp
The owners are super friendly and the staff is courteous.,1,Yelp
Both great!,1,Yelp
Eclectic selection.,1,Yelp
The sweet potato tots were good but the onion rings were perfection or as close as I have had.,1,Yelp
The staff was very attentive.,1,Yelp
And the chef was generous with his time (even came around twice so we can take pictures with him).,1,Yelp
"The owner used to work at Nobu, so this place is really similar for half the price.",1,Yelp
Google mediocre and I imagine Smashburger will pop up.,0,Yelp
dont go here.,0,Yelp
I promise they won't disappoint.,1,Yelp
As a sushi lover avoid this place by all means.,0,Yelp
What a great double cheeseburger!,1,Yelp
Awesome service and food.,1,Yelp
A fantastic neighborhood gem !!!,1,Yelp
I can't wait to go back.,1,Yelp
The plantains were the worst I've ever tasted.,0,Yelp
It's a great place and I highly recommend it.,1,Yelp
Service was slow and not attentive.,0,Yelp
"I gave it 5 stars then, and I'm giving it 5 stars now.",1,Yelp
Your staff spends more time talking to themselves than me.,0,Yelp
Dessert: Panna Cotta was amazing.,1,Yelp
"Very good food, great atmosphere.1",1,Yelp
Damn good steak.,1,Yelp
Total brunch fail.,0,Yelp
"Prices are very reasonable, flavors are spot on, the sauce is home made, and the slaw is not drenched in mayo.",1,Yelp
"The decor is nice, and the piano music soundtrack is pleasant.",1,Yelp
The steak was amazing...rge fillet relleno was the best seafood plate i have ever had!,1,Yelp
"Good food , good service .",1,Yelp
It was absolutely amazing.,1,Yelp
"I probably won't be back, to be honest.",0,Yelp
will definitely be back!,1,Yelp
The sergeant pepper beef sandwich with auju sauce is an excellent sandwich as well.,1,Yelp
"Hawaiian Breeze, Mango Magic, and Pineapple Delight are the smoothies that I've tried so far and they're all good.",1,Yelp
Went for lunch - service was slow.,0,Yelp
"We had so much to say about the place before we walked in that he expected it to be amazing, but was quickly disappointed.",0,Yelp
I was mortified.,0,Yelp
"Needless to say, we will never be back here again.",0,Yelp
"Anyways, The food was definitely not filling at all, and for the price you pay you should expect more.",0,Yelp
"The chips that came out were dripping with grease, and mostly not edible.",0,Yelp
I wasn't really impressed with Strip Steak.,0,Yelp
Have been going since 2007 and every meal has been awesome!!,1,Yelp
Our server was very nice and attentive as were the other serving staff.,1,Yelp
The cashier was friendly and even brought the food out to me.,1,Yelp
I work in the hospitality industry in Paradise Valley and have refrained from recommending Cibo any longer.,0,Yelp
The atmosphere here is fun.,1,Yelp
Would not recommend to others.,0,Yelp
"Service is quick and even ""to go"" orders are just like we like it!",1,Yelp
"I mean really, how do you get so famous for your fish and chips when it's so terrible!?!",0,Yelp
"That said, our mouths and bellies were still quite pleased.",1,Yelp
Not my thing.,0,Yelp
2 Thumbs Up!!,1,Yelp
If you are reading this please don't go there.,0,Yelp
"I loved the grilled pizza, reminded me of legit Italian pizza.",1,Yelp
Only Pros : Large seating area/ Nice bar area/ Great simple drink menu/ The BEST brick oven pizza with homemade dough!,1,Yelp
They have a really nice atmosphere.,1,Yelp
Tonight I had the Elk Filet special...and it sucked.,0,Yelp
"After one bite, I was hooked.",1,Yelp
We ordered some old classics and some new dishes after going there a few times and were sorely disappointed with everything.,0,Yelp
"Cute, quaint, simple, honest.",1,Yelp
The chicken was deliciously seasoned and had the perfect fry on the outside and moist chicken on the inside.,1,Yelp
"The food was great as always, compliments to the chef.",1,Yelp
Special thanks to Dylan T. for the recommendation on what to order :) All yummy for my tummy.,1,Yelp
Awesome selection of beer.,1,Yelp
Great food and awesome service!,1,Yelp
"One nice thing was that they added gratuity on the bill since our party was larger than 6 or 8, and they didn't expect more tip than that.",1,Yelp
A FLY was in my apple juice.. A FLY!!!!!!!!,0,Yelp
The Han Nan Chicken was also very tasty.,1,Yelp
"As for the service, I thought it was good.",1,Yelp
"The food was barely lukewarm, so it must have been sitting waiting for the server to bring it out to us.",0,Yelp
Ryan's Bar is definitely one Edinburgh establishment I won't be revisiting.,0,Yelp
Nicest Chinese restaurant I've been in a while.,1,Yelp
"Overall, I like there food and the service.",1,Yelp
They also now serve Indian naan bread with hummus and some spicy pine nut sauce that was out of this world.,1,Yelp
"Probably never coming back, and wouldn't recommend it.",0,Yelp
"Friend's pasta -- also bad, he barely touched it.",0,Yelp
"Try them in the airport to experience some tasty food and speedy, friendly service.",1,Yelp
I love the decor with the Chinese calligraphy wall paper.,1,Yelp
Never had anything to complain about here.,1,Yelp
The restaurant is very clean and has a family restaurant feel to it.,1,Yelp
It was way over fried.,0,Yelp
I'm not sure how long we stood there but it was long enough for me to begin to feel awkwardly out of place.,0,Yelp
"When I opened the sandwich, I was impressed, but not in a good way.",0,Yelp
Will not be back!,0,Yelp
There was a warm feeling with the service and I felt like their guest for a special treat.,1,Yelp
An extensive menu provides lots of options for breakfast.,1,Yelp
"I always order from the vegetarian menu during dinner, which has a wide array of options to choose from.",1,Yelp
"I have watched their prices inflate, portions get smaller and management attitudes grow rapidly!",0,Yelp
Wonderful lil tapas and the ambience made me feel all warm and fuzzy inside.,1,Yelp
"I got to enjoy the seafood salad, with a fabulous vinegrette.",1,Yelp
"The wontons were thin, not thick and chewy, almost melt in your mouth.",1,Yelp
"Level 5 spicy was perfect, where spice didn't over-whelm the soup.",1,Yelp
We were sat right on time and our server from the get go was FANTASTIC!,1,Yelp
"Main thing I didn't enjoy is that the crowd is of older crowd, around mid 30s and up.",0,Yelp
"When I'm on this side of town, this will definitely be a spot I'll hit up again!",1,Yelp
I had to wait over 30 minutes to get my drink and longer to get 2 arepas.,0,Yelp
This is a GREAT place to eat!,1,Yelp
The jalapeno bacon is soooo good.,1,Yelp
The service was poor and thats being nice.,0,Yelp
"Food was good, service was good, Prices were good.",1,Yelp
The place was not clean and the food oh so stale!,0,Yelp
"The chicken dishes are OK, the beef is like shoe leather.",0,Yelp
But the service was beyond bad.,0,Yelp
"I'm so happy to be here!!!""",1,Yelp
Tasted like dirt.,0,Yelp
One of the few places in Phoenix that I would definately go back to again .,1,Yelp
The block was amazing.,1,Yelp
"It's close to my house, it's low-key, non-fancy, affordable prices, good food.",1,Yelp
* Both the Hot & Sour & the Egg Flower Soups were absolutely 5 Stars!,1,Yelp
My sashimi was poor quality being soggy and tasteless.,0,Yelp
Great time - family dinner on a Sunday night.,1,Yelp
"the food is not tasty at all, not to say its ""real traditional Hunan style"".",0,Yelp
"What did bother me, was the slow service.",0,Yelp
The flair bartenders are absolutely amazing!,1,Yelp
Their frozen margaritas are WAY too sugary for my taste.,0,Yelp
These were so good we ordered them twice.,1,Yelp
So in a nutshell: 1) The restaraunt smells like a combination of a dirty fish market and a sewer.,0,Yelp
My girlfriend's veal was very bad.,0,Yelp
"Unfortunately, it was not good.",0,Yelp
I had a pretty satifying experience.,1,Yelp
Join the club and get awesome offers via email.,1,Yelp
"Perfect for someone (me) who only likes beer ice cold, or in this case, even colder.",1,Yelp
Bland and flavorless is a good way of describing the barely tepid meat.,0,Yelp
"The chains, which I'm no fan of, beat this place easily.",0,Yelp
The nachos are a MUST HAVE!,1,Yelp
We will not be coming back.,0,Yelp
"I don't have very many words to say about this place, but it does everything pretty well.",1,Yelp
"The staff is super nice and very quick even with the crazy crowds of the downtown juries, lawyers, and court staff.",1,Yelp
"Great atmosphere, friendly and fast service.",1,Yelp
When I received my Pita it was huge it did have a lot of meat in it so thumbs up there.,1,Yelp
Once your food arrives it's meh.,0,Yelp
Paying $7.85 for a hot dog and fries that looks like it came out of a kid's meal at the Wienerschnitzel is not my idea of a good meal.,0,Yelp
The classic Maine Lobster Roll was fantastic.,1,Yelp
"My brother in law who works at the mall ate here same day, and guess what he was sick all night too.",0,Yelp
So good I am going to have to review this place twice - once hereas a tribute to the place and once as a tribute to an event held here last night.,1,Yelp
"The chips and salsa were really good, the salsa was very fresh.",1,Yelp
This place is great!!!!!!!!!!!!!!,1,Yelp
Mediocre food.,0,Yelp
Once you get inside you'll be impressed with the place.,1,Yelp
I'm super pissd.,0,Yelp
And service was super friendly.,1,Yelp
Why are these sad little vegetables so overcooked?,0,Yelp
This place was such a nice surprise!,1,Yelp
They were golden-crispy and delicious.,1,Yelp
"I had high hopes for this place since the burgers are cooked over a charcoal grill, but unfortunately the taste fell flat, way flat.",0,Yelp
I could eat their bruschetta all day it is devine.,1,Yelp
Not a single employee came out to see if we were OK or even needed a water refill once they finally served us our food.,0,Yelp
"Lastly, the mozzarella sticks, they were the best thing we ordered.",1,Yelp
"The first time I ever came here I had an amazing experience, I still tell people how awesome the duck was.",1,Yelp
The server was very negligent of our needs and made us feel very unwelcome... I would not suggest this place!,0,Yelp
The service was terrible though.,0,Yelp
"This place is overpriced, not consistent with their boba, and it really is OVERPRICED!",0,Yelp
It was packed!!,0,Yelp
I love this place.,1,Yelp
I can say that the desserts were yummy.,1,Yelp
The food was terrible.,0,Yelp
The seasonal fruit was fresh white peach puree.,1,Yelp
It kept getting worse and worse so now I'm officially done.,0,Yelp
This place should honestly be blown up.,0,Yelp
But I definitely would not eat here again.,0,Yelp
Do not waste your money here!,0,Yelp
I love that they put their food in nice plastic containers as opposed to cramming it in little paper takeout boxes.,1,Yelp
The crêpe was delicate and thin and moist.,1,Yelp
Awful service.,0,Yelp
Won't ever go here again.,0,Yelp
Food quality has been horrible.,0,Yelp
For that price I can think of a few place I would have much rather gone.,0,Yelp
The service here is fair at best.,0,Yelp
"I do love sushi, but I found Kabuki to be over-priced, over-hip and under-services.",0,Yelp
Do yourself a favor and stay away from this dish.,0,Yelp
Very poor service.,0,Yelp
No one at the table thought the food was above average or worth the wait that we had for it.,0,Yelp
"Best service and food ever, Maria our server was so good and friendly she made our day.",1,Yelp
They were excellent.,1,Yelp
I paid the bill but did not tip because I felt the server did a terrible job.,0,Yelp
Just had lunch here and had a great experience.,1,Yelp
I have never had such bland food which surprised me considering the article we read focused so much on their spices and flavor.,0,Yelp
Food is way overpriced and portions are fucking small.,0,Yelp
I recently tried Caballero's and I have been back every week since!,1,Yelp
"for 40 bucks a head, i really expect better food.",0,Yelp
The food came out at a good pace.,1,Yelp
"I ate there twice on my last visit, and especially enjoyed the salmon salad.",1,Yelp
I won't be back.,0,Yelp
We could not believe how dirty the oysters were!,0,Yelp
This place deserves no stars.,0,Yelp
I would not recommend this place.,0,Yelp
"In fact I'm going to round up to 4 stars, just because she was so awesome.",1,Yelp
"To my disbelief, each dish qualified as the worst version of these foods I have ever tasted.",0,Yelp
"Bad day or not, I have a very low tolerance for rude customer service people, it is your job to be nice and polite, wash dishes otherwise!!",0,Yelp
the potatoes were great and so was the biscuit.,1,Yelp
I probably would not go here again.,0,Yelp
So flavorful and has just the perfect amount of heat.,1,Yelp
The price is reasonable and the service is great.,1,Yelp
"The Wife hated her meal (coconut shrimp), and our friends really did not enjoy their meals, either.",0,Yelp
My fella got the huevos rancheros and they didn't look too appealing.,0,Yelp
"Went in for happy hour, great list of wines.",1,Yelp
Some may say this buffet is pricey but I think you get what you pay for and this place you are getting quite a lot!,1,Yelp
I probably won't be coming back here.,0,Yelp
Worst food/service I've had in a while.,0,Yelp
"This place is pretty good, nice little vibe in the restaurant.",1,Yelp
Talk about great customer service of course we will be back.,1,Yelp
"Hot dishes are not hot, cold dishes are close to room temp.I watched staff prepare food with BARE HANDS, no gloves.Everything is deep fried in oil.",0,Yelp
I love their fries and their beans.,1,Yelp
Always a pleasure dealing with him.,1,Yelp
"They have a plethora of salads and sandwiches, and everything I've tried gets my seal of approval.",1,Yelp
This place is awesome if you want something light and healthy during the summer.,1,Yelp
"For sushi on the Strip, this is the place to go.",1,Yelp
"The service was great, even the manager came and helped with our table.",1,Yelp
The feel of the dining room was more college cooking course than high class dining and the service was slow at best.,0,Yelp
"I started this review with two stars, but I'm editing it to give it only one.",0,Yelp
this is the worst sushi i have ever eat besides Costco's.,0,Yelp
"All in all an excellent restaurant highlighted by great service, a unique menu, and a beautiful setting.",1,Yelp
My boyfriend and i sat at the bar and had a completely delightful experience.,1,Yelp
Weird vibe from owners.,0,Yelp
There was hardly any meat.,0,Yelp
I've had better bagels from the grocery store.,0,Yelp
Go To Place for Gyros.,1,Yelp
"I love the owner/chef, his one authentic Japanese cool dude!",1,Yelp
"Now the burgers aren't as good, the pizza which used to be amazing is doughy and flavorless.",0,Yelp
I found a six inch long piece of wire in my salsa.,0,Yelp
"The service was terrible, food was mediocre.",0,Yelp
We definately enjoyed ourselves.,1,Yelp
I ordered Albondigas soup - which was just warm - and tasted like tomato soup with frozen meatballs.,0,Yelp
"On three different occasions I asked for well done or medium well, and all three times I got the bloodiest piece of meat on my plate.",0,Yelp
I had about two bites and refused to eat anymore.,0,Yelp
The service was extremely slow.,0,Yelp
"After 20 minutes wait, I got a table.",0,Yelp
Seriously killer hot chai latte.,1,Yelp
"No allergy warnings on the menu, and the waitress had absolutely no clue as to which meals did or did not contain peanuts.",0,Yelp
My boyfriend tried the Mediterranean Chicken Salad and fell in love.,1,Yelp
Their rotating beers on tap is also a highlight of this place.,1,Yelp
Pricing is a bit of a concern at Mellow Mushroom.,0,Yelp
Worst Thai ever.,0,Yelp
If you stay in Vegas you must get breakfast here at least once.,1,Yelp
I want to first say our server was great and we had perfect service.,1,Yelp
The pizza selections are good.,1,Yelp
"I had strawberry tea, which was good.",1,Yelp
Highly unprofessional and rude to a loyal patron!,0,Yelp
"Overall, a great experience.",1,Yelp
Spend your money elsewhere.,0,Yelp
Their regular toasted bread was equally satisfying with the occasional pats of butter... Mmmm...!,1,Yelp
The Buffet at Bellagio was far from what I anticipated.,0,Yelp
"And the drinks are WEAK, people!",0,Yelp
-My order was not correct.,0,Yelp
"Also, I feel like the chips are bought, not made in house.",0,Yelp
After the disappointing dinner we went elsewhere for dessert.,0,Yelp
The chips and sals a here is amazing!!!!!!!!!!!!!!!!!!!,1,Yelp
We won't be returning.,0,Yelp
This is my new fav Vegas buffet spot.,1,Yelp
I seriously cannot believe that the owner has so many unexperienced employees that all are running around like chickens with their heads cut off.,0,Yelp
"Very, very sad.",0,Yelp
"i felt insulted and disrespected, how could you talk and judge another human being like that?",0,Yelp
"How can you call yourself a steakhouse if you can't properly cook a steak, I don't understand!",0,Yelp
I'm not impressed with the concept or the food.,0,Yelp
The only thing I wasn't too crazy about was their guacamole as I don't like it puréed.,0,Yelp
"There is really nothing for me at postinos, hope your experience is better",0,Yelp
I got food poisoning here at the buffet.,0,Yelp
They brought a fresh batch of fries and I was thinking yay something warm but no!,0,Yelp
"What SHOULD have been a hilarious, yummy Christmas Eve dinner to remember was the biggest fail of the entire trip for us.",0,Yelp
"Needless to say, I won't be going back anytime soon.",0,Yelp
This place is disgusting!,0,Yelp
"Every time I eat here, I see caring teamwork to a professional degree.",1,Yelp
The RI style calamari was a joke.,0,Yelp
"However, there was so much garlic in the fondue, it was barely edible.",0,Yelp
"I could barely stomach the meal, but didn't complain because it was a business lunch.",0,Yelp
"It was so bad, I had lost the heart to finish it.",0,Yelp
It also took her forever to bring us the check when we asked for it.,0,Yelp
We aren't ones to make a scene at restaurants but I just don't get it...definitely lost the love after this one!,0,Yelp
Disappointing experience.,0,Yelp
"The food is about on par with Denny's, which is to say, not good at all.",0,Yelp
"If you want to wait for mediocre food and downright terrible service, then this is the place for you.",0,Yelp
WAAAAAAyyyyyyyyyy over rated is all I am saying.,0,Yelp
We won't be going back.,0,Yelp
The place was fairly clean but the food simply wasn't worth it.,0,Yelp
This place lacked style!!,0,Yelp
"The sangria was about half of a glass wine full and was $12, ridiculous.",0,Yelp
Don't bother coming here.,0,Yelp
"The meat was pretty dry, I had the sliced brisket and pulled pork.",0,Yelp
"The building itself seems pretty neat; the bathroom is pretty trippy, but I wouldn't eat here again.",0,Yelp
It was equally awful.,0,Yelp
Probably not in a hurry to go back.,0,Yelp
very slow at seating even with reservation.,0,Yelp
Not good by any stretch of the imagination.,0,Yelp
The cashew cream sauce was bland and the vegetables were undercooked.,0,Yelp
"The chipolte ranch dipping sause was tasteless, seemed thin and watered down with no heat.",0,Yelp
"It was a bit too sweet, not really spicy enough, and lacked flavor.",0,Yelp
I was VERY disappointed!!,0,Yelp
This place is horrible and way overpriced.,0,Yelp
"Maybe it's just their Vegetarian fare, but I've been twice and I thought it was average at best.",0,Yelp
It wasn't busy at all and now we know why.,0,Yelp
The tables outside are also dirty a lot of the time and the workers are not always friendly and helpful with the menu.,0,Yelp
"The ambiance here did not feel like a buffet setting, but more of a douchey indoor garden for tea and biscuits.",0,Yelp
Con: spotty service.,0,Yelp
"The fries were not hot, and neither was my burger.",0,Yelp
But then they came back cold.,0,Yelp
"Then our food came out, disappointment ensued.",0,Yelp
The real disappointment was our waiter.,0,Yelp
My husband said she was very rude... did not even apologize for the bad food or anything.,0,Yelp
The only reason to eat here would be to fill up before a night of binge drinking just to get some carbs in your stomach.,0,Yelp
"Insults, profound deuchebaggery, and had to go outside for a smoke break while serving just to solidify it.",0,Yelp
If someone orders two tacos don't' you think it may be part of customer service to ask if it is combo or ala cart?,0,Yelp
She was quite disappointed although some blame needs to be placed at her door.,0,Yelp
After all the rave reviews I couldn't wait to eat here......what a disappointment!,0,Yelp
Del Taco is pretty nasty and should be avoided if possible.,0,Yelp
It's NOT hard to make a decent hamburger.,0,Yelp
But I don't like it.,0,Yelp
Hell no will I go back,0,Yelp
We've have gotten a much better service from the pizza place next door than the services we received from this restaurant.,0,Yelp
"I don't know what the big deal is about this place, but I won't be back ""ya'all"".",0,Yelp
I immediately said I wanted to talk to the manager but I did not want to talk to the guy who was doing shots of fireball behind the bar.,0,Yelp
The ambiance isn't much better.,0,Yelp
"Unfortunately, it only set us up for disapppointment with our entrees.",0,Yelp
The food wasn't good.,0,Yelp
"Your servers suck, wait, correction, our server Heimer sucked.",0,Yelp
What happened next was pretty....off putting.,0,Yelp
"too bad cause I know it's family owned, I really wanted to like this place.",0,Yelp
Overpriced for what you are getting.,0,Yelp
I vomited in the bathroom mid lunch.,0,Yelp
"I kept looking at the time and it had soon become 35 minutes, yet still no food.",0,Yelp
"I have been to very few places to eat that under no circumstances would I ever return to, and this tops the list.",0,Yelp
We started with the tuna sashimi which was brownish in color and obviously wasn't fresh.,0,Yelp
Food was below average.,0,Yelp
It sure does beat the nachos at the movies but I would expect a little bit more coming from a restaurant.,0,Yelp
"All in all, Ha Long Bay was a bit of a flop.",0,Yelp
The problem I have is that they charge $11.99 for a sandwich that is no bigger than a Subway sub (which offers better and more amount of vegetables).,0,Yelp
Shrimp- When I unwrapped it (I live only 1/2 a mile from Brushfire) it was literally ice cold.,0,Yelp
"It lacked flavor, seemed undercooked, and dry.",0,Yelp
It really is impressive that the place hasn't closed down.,0,Yelp
I would avoid this place if you are staying in the Mirage.,0,Yelp
The refried beans that came with my meal were dried out and crusty and the food was bland.,0,Yelp
Spend your money and time some place else.,0,Yelp
A lady at the table next to us found a live green caterpillar In her salad.,0,Yelp
the presentation of the food was awful.,0,Yelp
I can't tell you how disappointed I was.,0,Yelp
I think food should have flavor and texture and both were lacking.,0,Yelp
Appetite instantly gone.,0,Yelp
Overall I was not impressed and would not go back.,0,Yelp
"The whole experience was underwhelming, and I think we'll just go to Ninja Sushi next time.",0,Yelp
"Then, as if I hadn't wasted enough of my life there, they poured salt in the wound by drawing out the time it took to bring the check.",0,Yelp
